gene	TPM_wt_17c_15min	TPM_wt_17c_1hr	TPM_wt_17c_4hr	TPM_wt_27c_15min	TPM_wt_27c_1hr	TPM_wt_27c_4hr
AT1G01060	377.4150001	250.1152446	47.54751327	320.1826327	133.6047105	11.35181754
AT1G01240	7.704423015	7.145901121	25.44163968	7.262965849	17.04549418	28.48211922
AT1G01390	13.40238402	7.87935206	5.282159063	6.985668437	2.764400492	2.900843829
AT1G01500	4.958781046	8.337161646	16.24595708	2.573219091	2.517447529	9.816630384
AT1G02460	1.904479806	2.076135073	3.322347535	2.034574777	4.265259474	2.003186969
AT1G02660	11.40886106	12.03463141	12.60794203	21.40778617	6.7786803	10.57441068
AT1G02920	37.49360431	37.1365904	138.335441	17.95698396	21.40856227	88.1117305
AT1G03090	11.64409842	12.1303039	26.65845245	11.95157622	20.73679354	37.20060204
AT1G03220	112.0657682	90.60221148	130.058341	115.5174315	205.1185305	146.4231956
AT1G03470	12.89556862	11.28343401	6.86190586	14.50483639	8.036643137	20.16514684
AT1G03610	34.32499949	16.32842485	26.42920762	24.99953161	30.38071822	28.91926158
AT1G03850	8.878981094	7.696306883	45.95308002	10.26707943	56.75141606	45.57038983
AT1G03860	81.53989028	67.40792271	74.57497649	87.89367702	93.64662964	102.1110506
AT1G04400	36.4812995	39.99375962	73.61335068	35.83030647	62.83155391	68.87262751
AT1G04520	64.2500404	45.34670783	25.23537715	50.23163827	20.0082146	17.92650308
AT1G04530	105.5869874	98.04744717	88.23847551	87.51951693	63.16989986	56.27864174
AT1G04770	37.82019019	45.62143858	19.16681976	58.12735965	22.01443663	20.99513117
AT1G05260	84.73807782	92.2106964	104.7473993	95.26441077	75.73519096	58.46327499
AT1G06000	83.09304445	91.69911927	21.26375402	82.41272359	24.97485307	10.3611504
AT1G06080	12.92755193	7.6107274	8.915166265	6.509688513	7.14755501	12.57431986
AT1G06180	35.12779558	18.36731451	14.03820244	16.4404342	14.9269338	11.24703808
AT1G07150	10.12711686	5.320368878	4.837974184	3.728045322	4.212773704	2.516864913
AT1G07180	162.4479837	139.2080123	97.35603635	152.3200882	116.6492183	52.35107112
AT1G08090	1.368739684	1.97524626	35.4403217	1.694912721	0.628526138	3.053749881
AT1G08280	13.88263702	10.72456369	12.17910686	7.524315489	7.760337855	11.08778618
AT1G08300	2.868693361	2.77121029	2.340603461	3.135113239	3.860009488	6.547468114
AT1G08580	105.3942787	103.6965158	95.30569378	79.7575472	53.35090098	56.99361141
AT1G08650	66.71288446	33.14091617	28.17077836	32.92661952	16.53271022	25.1923362
AT1G08720	9.698878999	10.65706992	12.1073065	12.70532121	10.5157545	12.87208023
AT1G08890	12.27063065	9.554825718	13.89331149	6.799981455	5.926800032	12.09433112
AT1G09210	157.9490683	134.5204823	141.5509581	150.4468979	177.4008882	121.3920511
AT1G09240	8.07857724	9.014094149	11.78505238	7.028400636	2.448938985	2.540403641
AT1G09350	5.552640318	17.59077011	9.966729889	2.406312023	13.82645443	1.556196471
AT1G09560	334.790934	315.812969	268.2220832	408.030904	244.3807458	161.0125831
AT1G09780	227.468019	179.1203878	233.9716917	207.7194968	110.6241143	89.1367888
AT1G10050	5.858748836	4.827937538	6.362978702	8.144552379	7.069257065	5.960499583
AT1G10060	7.336406835	4.616395446	19.06824514	3.587397087	3.425559175	12.15430059
AT1G10090	12.4312627	23.70888994	18.80978707	16.17726508	12.97132816	14.3896849
AT1G10230	16.20937655	15.8991349	12.54703941	26.70044169	23.66447086	19.7614178
AT1G10370	254.9574809	316.1801402	153.0976212	258.084255	194.7991143	70.87910086
AT1G10380	18.70188823	19.94249029	18.89551455	23.30068301	31.26921826	21.48281486
AT1G10490	18.72758587	16.92011042	14.33835286	15.51445825	8.673996485	10.83336504
AT1G11100	1.491462455	1.045857575	1.539867281	2.796133101	2.832627151	1.795443532
AT1G11410	15.74653977	11.27109849	8.53415688	12.50434907	8.006266646	13.22906296
AT1G12090	407.4328791	574.9561887	1006.765192	327.7557753	283.5744617	686.9322222
AT1G12370	21.87387988	16.66732571	7.809218066	20.38571177	6.81184948	4.846889403
AT1G12560	13.96590839	17.05759859	25.25968852	21.73296451	33.55743226	22.48042928
AT1G12740	7.739904314	5.987748786	12.55991855	5.927178123	11.62433429	5.552345986
AT1G12780	20.10215644	16.33546253	51.84982599	17.25386962	28.73664907	91.7224053
AT1G13080	35.207498	33.72595516	34.2015039	49.84016844	92.94073123	69.55902208
AT1G13300	11.35558246	10.28597121	34.49291709	8.612678784	29.01810499	24.31585354
AT1G13510	1.708011877	2.918891203	5.160077559	1.596032481	2.081467756	1.575636519
AT1G14350	26.13391606	17.52461528	16.720915	15.56132397	8.335403308	13.25032721
AT1G14360	28.83837364	26.06056833	23.6836188	38.41423143	59.76030678	40.73830241
AT1G14540	6.358084893	7.329914439	41.16809486	5.589952104	11.39733636	4.723217763
AT1G14700	30.3747129	27.23985649	31.98086539	25.8207147	38.85073107	50.16990193
AT1G15670	5.523980696	17.42971664	42.3520995	13.95248022	36.76951582	36.05722451
AT1G15740	39.29308815	29.19624596	49.71583332	33.51110507	45.84523559	56.26279136
AT1G16370	8.574668074	16.01114612	4.928558152	12.54037752	9.202596624	3.417479008
AT1G16510	5.797768229	8.614132085	7.163271485	2.97076632	7.740010514	2.290022365
AT1G17340	12.03883483	17.76031476	14.33430425	17.74123891	12.69172524	13.4226889
AT1G17380	21.06066639	24.9926806	2.307419702	25.24996757	8.096972237	1.328647114
AT1G17420	9.967472596	26.16828455	3.347643338	9.049629402	8.531758143	1.880678796
AT1G17620	98.21532146	127.6397032	54.04681163	124.4556589	53.97157112	39.01835413
AT1G18150	34.16666137	33.5897375	50.98857408	28.70899133	16.94393139	30.66847981
AT1G18210	127.7809717	188.9265495	114.7250057	151.6262086	117.1256907	62.75832675
AT1G18330	14.93632488	14.33432808	33.74629587	99.12658326	40.59006184	61.63365783
AT1G18540	451.4032622	464.3143832	493.9426903	493.1393606	429.7552385	290.1032671
AT1G18660	70.85649064	62.49735652	50.55365144	59.85865522	33.97816849	38.95897492
AT1G18710	50.3150903	42.79124296	5.657235799	11.56497996	13.5923281	4.306354199
AT1G18850	24.12002349	20.86056938	16.11723216	13.51284381	10.32631693	13.84326442
AT1G19180	148.9725996	103.8783113	44.55496671	126.1847262	34.89129579	17.44959332
AT1G19200	8.01515063	6.193596424	3.336186412	2.032393244	2.833078263	0.951262189
AT1G19530	15.7597703	11.34540814	86.51249527	15.08317515	117.1810981	131.9306909
AT1G19660	71.690564	55.13078369	89.55932794	77.37417211	105.9418248	159.3873322
AT1G19900	4.638460711	4.184224269	5.45729161	4.861478375	10.08529121	4.31179513
AT1G20190	59.42711081	29.10744343	45.20314627	20.66363626	16.14654249	24.34773516
AT1G20450	250.2391922	447.936408	174.327942	256.0652288	373.1396252	80.82196154
AT1G21110	29.11819485	18.10416532	60.80151693	16.41517994	6.868355207	13.75412748
AT1G21120	6.159971135	4.271339426	24.01668061	1.924044287	1.642413537	2.163224109
AT1G21350	51.7082903	51.01095994	49.80743014	64.35025333	84.10740003	87.17023015
AT1G21540	3.083211376	3.064398885	5.531998376	1.339728077	0.816360111	2.459157416
AT1G21550	2.86748603	3.368879803	5.725697389	31.83701111	26.50176084	7.5495192
AT1G22070	13.55184708	13.13076029	28.35471637	9.356509555	5.585847061	19.63193411
AT1G22370	3.149198264	2.264765217	4.32477531	3.745645815	5.442831147	10.5601797
AT1G22500	11.8156174	11.27393004	29.10822229	12.21985093	18.93718638	40.39047928
AT1G22570	3.507886262	9.117752739	15.77180205	5.231255096	2.016417614	12.6524534
AT1G22640	28.19549481	20.41091153	22.89216467	16.11679201	15.79587414	25.50296194
AT1G23180	21.32918873	16.65083275	17.0759048	25.88457358	26.45966373	18.39424424
AT1G23390	19.88366159	26.08115991	107.4654048	30.87668837	59.91524148	120.6468768
AT1G23870	14.59276715	17.17978261	29.93457773	17.53778841	27.79754669	30.43029374
AT1G24100	83.61096285	119.9489825	64.04263189	111.9640112	92.24200024	78.66091256
AT1G24148	17.26390435	15.16934081	11.39005099	14.88643902	11.2897097	20.95946665
AT1G24280	26.01961529	17.86593442	30.0934548	18.30025454	14.55447174	16.70040071
AT1G25230	15.55695709	22.08143597	52.02643126	14.84433657	42.54372556	86.21826919
AT1G26380	0.538388314	0.544077225	6.520466362	0.1177484	0.079961782	0.764507024
AT1G26440	11.92701716	9.22141542	12.44884098	8.801570916	9.431060262	24.14635429
AT1G26730	5.311821677	10.53397594	3.4422693	15.31086125	3.657187654	2.840258588
AT1G26770	101.9105004	54.51381286	50.53165861	51.57645081	43.64255158	29.76387048
AT1G27090	84.51751425	67.15346243	88.22275016	93.66030951	98.14348732	108.262521
AT1G27350	168.0699375	149.5970355	176.7599194	191.9428652	231.5866986	201.8513006
AT1G27730	131.1009283	22.32330201	18.22256066	77.53997914	7.032308898	5.447363494
AT1G27760	153.7630607	147.8930315	73.05193529	100.4545309	54.49105572	39.00047258
AT1G27770	47.00222321	37.11682364	19.83155327	76.07816332	15.22683328	17.56569683
AT1G27930	31.42727991	32.13377322	47.1583464	21.65029464	17.90230051	28.84914914
AT1G28010	9.658114361	6.653563203	7.145121373	5.338059559	4.457095535	6.143028478
AT1G28130	33.84532362	19.99214999	17.59706223	18.68858186	24.55785405	16.26281263
AT1G28260	3.472410845	2.500452922	4.759835166	2.044874902	4.950027578	7.157452818
AT1G28380	48.54025172	31.43055968	27.87535213	40.98116949	13.92875911	18.69827909
AT1G28600	143.659606	127.8366506	89.70364478	123.1807219	34.20778072	55.39615861
AT1G28610	21.41328271	24.1336523	22.6596603	19.19598339	10.79926878	21.55121636
AT1G28670	52.96663014	51.2842687	51.66965804	50.80880984	61.16330077	99.20442948
AT1G28680	47.82461265	59.72249688	44.16276764	46.49691875	33.77999008	24.34445606
AT1G29720	20.40534736	17.15795728	11.42502626	14.91384862	8.311526208	5.675796461
AT1G29910	1734.244211	2504.375959	3369.760524	2100.311353	2941.78069	2373.00181
AT1G29930	3537.155772	4849.658246	5418.838433	4548.33116	4885.966654	2786.800939
AT1G30070	32.53632699	27.86385962	25.09770994	215.1547538	178.2131815	41.12235879
AT1G30370	3.217474598	0.513687167	1.58698278	0.375149557	0.38239111	0.564616293
AT1G30500	15.12819996	10.71041095	5.289947447	7.661716838	8.503321236	12.42170891
AT1G30520	23.26312351	26.89314582	28.27534059	25.83722619	39.85005921	27.45013742
AT1G30720	5.95608757	6.578186759	23.71119365	6.759975437	13.25016287	39.75603776
AT1G31230	52.09792298	46.15715652	50.58974928	55.11709274	22.17190011	35.38689428
AT1G31280	7.320331343	6.09977998	4.912370925	22.40090933	8.617272088	4.684738832
AT1G31580	962.2048507	1319.997424	776.4074073	1185.243382	892.7799415	379.7831654
AT1G32090	15.51057861	13.69302679	14.75425434	21.33332669	21.18606302	25.59749398
AT1G32170	27.52119068	36.13065955	26.9241338	43.69325761	38.87405	32.61580455
AT1G32200	74.63905992	70.04898998	77.25702819	70.66763821	60.97084973	44.60654157
AT1G32240	16.42237594	10.48669777	7.382918797	9.481393091	7.360928004	6.596970937
AT1G32260	15.76250942	11.92877795	15.64008841	16.1368619	20.3044965	23.72495795
AT1G32400	90.56580302	86.38135507	91.3013505	89.05579361	110.8544551	117.2675029
AT1G32440	68.13488106	60.79919193	51.59198019	56.42480434	35.02035901	28.85346554
AT1G32540	21.83475697	20.00525815	27.97322433	10.90175809	7.632466542	17.20397246
AT1G32780	6.759331878	5.80258683	4.151403461	5.723411874	6.281643157	9.891665819
AT1G33055	2.942818456	0.785616351	9.219869342	2.568271224	24.2494759	25.07232168
AT1G33780	36.75488592	30.8537577	35.46558609	36.15582159	42.14955023	50.37706109
AT1G35660	3.726143319	2.63988823	3.069511432	7.478456879	6.745153484	5.833773144
AT1G43800	32.80205503	4.827525739	11.73346811	25.03531832	39.55844216	42.74195362
AT1G44100	75.1439199	56.67446986	33.02334384	76.29013298	20.91552254	23.78718935
AT1G44350	5.366998989	26.62656544	11.73396653	10.39599636	24.17434239	14.34270077
AT1G47490	77.49345588	66.70837812	65.02166967	69.07949827	36.81311807	44.39908436
AT1G47530	136.4392019	108.8650788	82.89926584	108.1142895	54.48675463	48.86993264
AT1G48650	53.41009569	38.45142882	30.42876871	38.5093748	15.21851395	19.46182977
AT1G48700	0.295068048	0.096537015	0.066992817	0.552473009	1.790560138	1.474878968
AT1G48850	117.9170444	122.1648878	111.3803832	114.786135	77.7959986	70.80338228
AT1G49130	2.780955695	2.504064047	6.450936763	5.144290479	8.707185258	12.84820369
AT1G49320	9.65726137	6.903801006	13.94304511	7.214407351	14.56022019	19.48347794
AT1G50590	6.566364902	7.450223322	2.563841451	9.719785137	4.99288145	4.107297176
AT1G51420	18.99435026	14.65946737	14.6550854	20.14209198	14.44284904	7.001605032
AT1G51680	175.5779419	188.6544592	114.4491245	151.6127077	104.8696156	71.3903808
AT1G51760	28.1832861	67.81341384	34.21772237	38.07491579	67.88976745	32.26822841
AT1G51800	9.417987817	10.02131226	28.20389142	9.0149918	9.494642927	11.20783865
AT1G51805	44.63601229	52.98784748	69.33096224	39.68951422	20.06595473	34.69751023
AT1G52560	3.109785788	4.192855885	1.414147584	14.39263446	26.57987286	2.896442741
AT1G53210	140.9684105	152.7316593	157.3362397	177.9475659	177.4558007	171.1798331
AT1G53510	39.02837309	35.30842019	43.46580766	23.48421936	24.70766906	36.92381854
AT1G53730	30.83739176	34.34254663	34.57241982	37.83114453	47.73751022	56.09329563
AT1G54890	5.193295816	11.51507809	12.65541935	9.495117838	12.4532403	9.519554684
AT1G55110	31.15699708	21.66170277	16.85855707	16.94664022	11.11233877	9.940381923
AT1G55120	11.3657115	10.16494736	9.026594187	9.216445127	4.395208449	4.64671927
AT1G56070	528.4439729	444.1760837	479.261827	531.7128117	327.4727491	291.6496936
AT1G56300	1.547964571	0.844363462	9.431374522	3.007331732	4.96035571	39.10585527
AT1G56610	8.672413135	7.468310674	4.832826918	6.738884396	5.877439489	8.737151225
AT1G56650	24.98055607	31.79577412	8.324416167	24.62303108	12.79627839	4.361789005
AT1G56660	59.91844424	74.95665211	12.28256698	81.1276748	26.6678083	11.08615195
AT1G56670	15.40429227	14.46660716	9.455425159	12.25803536	4.748165813	5.51958759
AT1G58030	36.30535103	29.62936339	28.5912221	32.02205466	33.29075429	42.43431409
AT1G58270	157.4742367	159.8159999	136.0854764	133.2997521	108.4879697	79.5462997
AT1G58602	50.34966232	42.11588123	34.68060668	42.34365103	18.5077914	30.40697416
AT1G58807	38.44351365	30.69526277	26.13551647	51.10094462	25.58682677	31.88427619
AT1G59124	30.68322379	25.31267327	20.8422874	40.61788884	21.87309824	24.92263605
AT1G59865	0.238300364	0.368790137	0.871615386	2.174248826	1.219208569	1.131144235
AT1G60140	13.91575625	14.54655256	36.62208735	12.60400095	27.12675294	36.46521688
AT1G60470	5.096932019	13.48419808	10.49095215	5.545685214	21.95060677	4.230566811
AT1G61730	45.82107912	43.41380112	41.70499846	29.99800111	19.66641589	28.82747843
AT1G61800	36.30994102	5.799533486	1.567931038	7.822862388	0.314126732	1.476867376
AT1G61840	1.386833567	5.076338601	2.102559832	0.910695568	0.431888439	1.663507984
AT1G62320	2.195029799	6.952538485	2.758136539	3.797355005	2.681020855	1.798250231
AT1G62510	23.52090191	39.37849937	55.93312931	33.79592913	140.956379	171.8275901
AT1G62520	5.987665042	7.429286741	5.502764303	9.326998963	10.55191103	6.586957746
AT1G62560	60.00127561	67.7133589	48.37484418	68.6572359	22.21667066	31.11305807
AT1G62780	246.6889608	231.9489542	215.4129709	258.7633792	207.3531434	121.5386695
AT1G63090	52.0664386	36.58649336	31.66510437	52.56177407	43.85446242	61.52467891
AT1G63220	50.2041544	47.97452193	60.03741102	46.53417023	32.29006075	37.37083313
AT1G63670	15.06822219	10.27675495	13.32874127	7.071827569	6.244733116	9.369485143
AT1G63690	43.44180461	30.4941905	43.33379807	37.14703585	30.48492519	64.65396267
AT1G63750	6.276278638	4.036535376	3.543572449	9.946671428	1.570764132	3.426683789
AT1G63860	3.336480028	5.729024307	3.836444465	7.067792773	1.425755757	3.088940384
AT1G63880	8.751544313	9.08653917	28.57618688	6.770370207	5.553035552	16.10805304
AT1G63940	190.6198653	147.9004087	165.7790765	202.0822414	100.5232954	92.97812031
AT1G64170	2.230487454	1.689006545	11.77002068	1.871354115	0.69253075	5.037730721
AT1G64200	30.4320424	55.98041282	59.70791636	67.24102222	220.4154666	142.0818766
AT1G64390	110.1910561	75.62128219	61.94599376	72.35374289	35.60351407	29.86750692
AT1G64400	18.37688537	21.41963281	15.64698028	24.33912004	12.11977925	14.39100855
AT1G64720	325.0584787	303.5176776	433.9334854	363.9230906	630.7600313	906.4846282
AT1G64760	19.08607127	14.40904169	10.59752886	15.462476	6.272251679	9.055083578
AT1G65040	35.42524471	30.39163672	28.81212334	34.39043458	56.39959604	50.13179796
AT1G65060	114.5819363	100.4173167	19.98853345	124.3854279	27.09344672	13.60865484
AT1G65390	15.11326059	15.67901413	55.44840879	9.474258965	3.877787022	3.030298373
AT1G65690	21.40337705	11.91571495	38.80994932	12.06302125	13.04640505	17.90477849
AT1G65860	44.78005749	60.08217131	32.51667554	56.91321728	26.36266042	26.83919865
AT1G65980	256.0233141	244.9301196	254.9132354	378.1058319	434.9029514	330.5164481
AT1G66080	17.58183732	13.43543529	8.940861702	165.6657148	47.33009226	19.25182977
AT1G66090	16.14653932	3.989590473	5.147988625	72.71501351	2.982587633	2.156984554
AT1G66270	154.2204816	123.6737603	168.6141722	159.9706986	124.1035712	83.72555824
AT1G66700	3.573882232	1.77664479	1.695220289	0.383312039	0.325499874	0.18457164
AT1G67090	3938.522344	5313.048161	5940.520031	4891.176104	5292.651754	3377.258186
AT1G67325	24.60994938	21.40864374	23.58690919	23.49705903	32.49806375	42.03687452
AT1G67800	16.73342639	13.06273925	16.24669047	15.65376444	6.28595291	8.481409381
AT1G68130	16.37736157	11.20890685	11.07447743	8.250290507	9.247472235	8.261746884
AT1G68150	6.185160016	5.30709965	15.75794162	6.019665052	10.34142023	12.37188702
AT1G68190	7.49770427	13.11975145	39.06382229	12.70649153	34.63312595	37.61766332
AT1G68390	2.257458506	3.069357757	3.222475845	1.640677962	1.22545308	0.988276117
AT1G68740	19.72216904	15.31934205	7.217760934	13.25560234	6.295275226	6.818726127
AT1G69530	251.150714	103.898457	262.424319	70.00007313	108.5857521	182.0197319
AT1G69840	34.10170573	52.93645727	28.29845489	63.0913362	46.53829534	33.36561733
AT1G71890	3.068052205	1.600048854	1.986098837	0.990123294	0.739133697	1.068619505
AT1G72416	6.135638339	26.37333774	36.42315919	40.37175316	23.20522349	63.58305174
AT1G72450	73.16712014	145.6642549	48.27181969	69.68171803	51.12592013	39.77923465
AT1G72490	10.59138152	4.558367667	1.397793726	6.301261635	3.522394692	0.942220104
AT1G72520	18.41536367	19.13295048	1.705187753	31.09889783	4.719636345	0.729059412
AT1G72820	16.58159265	17.88139499	20.24365504	20.3865823	27.23178922	29.50997319
AT1G73010	77.55960224	31.52710541	2.394209473	24.51935496	3.561006761	3.1573903
AT1G73260	39.59629726	42.80064557	48.88541347	43.83106077	105.0022785	162.7830331
AT1G73730	21.8841474	15.72256717	16.8832328	13.03635572	10.83094039	11.34319164
AT1G73805	2.95620596	2.413075066	2.058254812	11.1398404	0.782101346	0.401508593
AT1G74080	0.475541944	1.151509307	3.946974099	0.423661479	1.158280067	1.58850759
AT1G74330	8.883403192	9.418665394	5.765136236	12.53682082	4.247211457	5.208860944
AT1G74430	5.539371664	10.49493495	3.125565192	7.800374753	3.002113697	3.310317467
AT1G74810	3.869967251	4.412412195	2.028529737	6.456251164	2.448373339	1.482644293
AT1G74950	50.38266837	98.25788471	31.83636646	69.19780543	41.4003501	25.96958527
AT1G75040	12.94402066	20.24060592	11.25699533	12.19557453	5.68059423	2.221893378
AT1G75380	39.11093492	38.35615817	192.0838883	53.73043693	135.8385145	348.6776149
AT1G75750	297.3429089	379.011711	400.0850306	381.1215213	767.6771249	647.4547272
AT1G75990	32.38926657	26.27489649	35.54720643	25.87941145	21.79086403	23.39630218
AT1G76080	165.3045237	175.2818169	225.2422202	204.9660519	289.6097886	315.5621314
AT1G76240	27.40840288	17.84480119	41.38814418	13.72938726	20.14122603	34.96099223
AT1G76360	15.15834018	15.32751268	14.66821098	20.28626542	7.212666144	13.15103227
AT1G77080	68.30602565	67.7399583	74.42247985	61.42119377	46.33834741	33.38525146
AT1G77330	65.50033043	75.65021915	142.3822245	67.95599464	129.8307904	70.90421349
AT1G77850	7.353293842	7.338428166	8.358889327	3.572820702	3.089796691	4.421391372
AT1G78080	113.0482691	95.15725205	79.03126718	168.0329526	95.72813881	89.83950772
AT1G78150	71.8420535	58.70957482	65.55972491	91.33369637	88.61840802	83.20794037
AT1G78570	241.241337	279.406243	110.0456761	289.6091348	136.2126858	63.48971092
AT1G79150	24.97943722	19.77525657	18.01493926	17.35023177	8.381459326	12.32187347
AT1G79320	2.710592508	2.617165203	5.839743389	1.365092175	3.217104907	2.673081263
AT1G79340	101.034399	94.41712013	98.52000734	98.19935085	78.14374117	62.21869416
AT1G79840	5.432958821	3.841103124	5.793528244	7.70966822	6.271946262	6.157568187
AT1G79920	109.8442753	98.57984949	74.1661549	225.8526274	177.3714017	68.18490828
AT1G80130	49.68823186	22.2218493	5.533992902	22.84535335	8.051992392	3.717822529
AT1G80180	35.65092842	33.19498533	42.6461541	36.7937716	74.5060054	66.23485221
AT1G80440	3.949750592	9.676070554	43.31181549	11.67440613	21.20454499	50.57993075
AT1G80920	69.03814872	102.5998924	386.8109638	92.41516183	214.8782837	391.8239354
AT2G01100	39.41133122	39.73687953	33.39006175	41.87729194	53.04545803	57.6697457
AT2G01220	36.06231051	33.81880114	31.81112739	31.19135542	31.19255774	47.72711035
AT2G01250	493.7353424	488.8787393	543.2694118	508.2187744	436.9464987	335.1144464
AT2G01670	131.5972654	103.9533756	88.88687022	80.30430723	69.09350019	87.73743157
AT2G01870	19.7389792	18.12521098	27.28734238	17.43329571	26.47992183	38.61792396
AT2G01990	10.8291354	11.52126465	9.238962942	4.453755283	10.58315319	12.20076805
AT2G02120	42.34376009	44.06415383	42.35345836	43.83582338	38.00369117	15.65447636
AT2G02630	2.254388318	7.234877574	3.864107042	1.941651003	1.297281654	3.00669611
AT2G02770	2.200104632	2.395388472	2.709156511	2.60959957	2.29175843	4.092718344
AT2G02780	18.41576747	14.73837444	15.61391517	14.01800087	14.86169896	21.40527695
AT2G02810	17.88022037	14.66134289	14.47971594	24.79733234	37.55628052	26.25211732
AT2G03090	66.98429437	41.033702	39.35994637	40.69183083	17.07672272	21.18805921
AT2G03890	37.99760003	25.88288606	37.29088705	50.24308251	44.28535263	48.57465335
AT2G04030	183.9575047	146.1783057	118.2435643	298.0673262	319.4501492	196.2238738
AT2G11810	15.57597851	6.076333929	2.935419163	1.945336369	0.698758635	1.156698466
AT2G13790	17.70741088	34.36230574	18.72721174	25.55520706	21.39365864	12.99747618
AT2G14750	141.7757412	217.4512428	149.7499629	147.2078951	107.0367376	112.7357587
AT2G15890	5.95731831	7.538509005	93.55177971	6.511093594	34.20441207	115.4705939
AT2G16430	50.84188479	48.98611537	48.6927526	47.24234416	26.74744535	23.75744286
AT2G16500	192.8448858	165.390665	116.3037968	136.7924114	78.97709208	64.16590684
AT2G16660	23.46758176	57.06418962	36.26982085	34.74979186	27.70485912	28.40237123
AT2G16720	14.97497167	18.01385448	9.519273678	25.05600564	11.21847256	11.91129972
AT2G16890	30.2675196	21.53153651	13.98221446	18.71987741	9.575394397	7.419403223
AT2G17840	53.85670703	199.113377	50.91711342	121.0303289	166.3200577	40.59811467
AT2G17900	5.997470194	4.848938527	6.129519791	6.901336419	9.030626542	8.774711053
AT2G18480	5.568933129	3.384885828	1.670583745	2.592883634	2.332929522	3.349967178
AT2G18690	54.18048219	45.40716251	48.55141283	45.49535325	31.68726842	15.75319139
AT2G18700	7.518905363	12.90828539	41.39874849	9.812768341	26.82862653	29.4351865
AT2G18770	21.04114076	17.64491464	22.97552547	20.80194295	27.56426345	30.29377717
AT2G18940	29.11466641	19.0091764	16.72671647	18.7787632	9.616248288	11.7738554
AT2G20610	106.3663556	151.7574636	105.7351274	112.1243192	70.73296076	67.15549482
AT2G21130	9.168287651	6.116824265	5.640071696	13.17429194	18.82118699	11.16158197
AT2G21510	2.064557634	4.53336961	1.148242684	4.124306713	1.344166233	0.7786068
AT2G21940	14.32602823	13.04457179	13.99020338	20.9514022	22.26319233	15.68185257
AT2G22300	14.46832329	15.79157798	22.77862458	19.84655446	11.20495607	23.0816067
AT2G22500	96.89933015	57.84694042	18.32433564	86.07194286	12.21788299	7.22631374
AT2G22590	10.09692657	12.38983999	3.284902102	6.68112901	1.858034735	0.36000168
AT2G22990	193.2509258	176.7039317	276.3197068	171.792673	284.5484883	451.9137482
AT2G23420	71.93739366	53.91863403	33.86691351	59.75749861	30.29926357	25.64294837
AT2G23430	32.94358352	24.34649816	16.84269631	18.95799009	17.01575891	13.94942878
AT2G23470	8.269460789	6.941520702	6.02959033	4.447904532	3.745995971	5.993576172
AT2G23910	23.74285013	18.92592439	4.045073007	24.8675639	4.542245692	3.777517517
AT2G24050	38.49877793	32.04678168	28.51032745	25.9692678	16.10173681	18.67000943
AT2G24100	32.4990573	22.70417589	28.38630715	58.0666099	35.27011755	20.38970984
AT2G24120	26.11516374	20.12520122	14.47651894	19.94765929	18.12578886	24.17049867
AT2G24330	23.30496965	28.4227357	15.68400708	22.10212303	13.11637176	14.12000188
AT2G24550	46.24665716	35.6594722	50.73967006	50.60647124	55.78389365	60.49973883
AT2G24580	18.7935192	13.08304238	19.53250277	15.89107457	21.14707479	21.27571353
AT2G24600	23.95930262	19.88374814	9.165025977	30.35237698	5.384147816	3.76660521
AT2G24650	6.254205816	4.88325973	6.321566642	5.454813223	6.366229493	9.932678256
AT2G25090	3.533685942	2.371750927	1.821799755	4.444207099	6.696109391	5.50324201
AT2G25110	69.30028193	55.82963959	62.18484551	75.86464908	112.8721075	89.32237425
AT2G25250	106.2631239	68.92943994	59.17141716	104.9795103	30.64809422	52.32629297
AT2G25590	3.74588052	3.486829284	3.373294185	4.061147769	3.479940463	8.089581309
AT2G25620	32.50242892	22.29135154	18.81295717	21.6170658	12.02300993	10.90758779
AT2G25760	23.20700401	16.8739721	21.76468047	20.6923203	20.26405164	30.71179357
AT2G25950	32.8596648	25.18436933	28.64072262	29.21563848	39.02714139	45.12742291
AT2G26560	1.026568902	0.969288106	30.14212639	0.716593901	0.653602123	3.742714072
AT2G26820	1.084308584	0.622510722	11.55418178	1.089441794	0.664216554	3.701455168
AT2G27080	92.00430728	55.76398127	11.88743461	112.5394272	17.66748121	13.53162355
AT2G27310	11.1780239	6.126529196	16.43561395	11.84467573	14.46108686	18.9641463
AT2G27510	198.6804278	199.2790721	221.9558647	193.265809	165.760202	110.7060627
AT2G27690	3.42405804	16.45135853	1.915827362	5.434456008	3.551639938	1.417779447
AT2G27840	95.32178928	90.25970601	89.30674201	78.76042801	50.95446936	55.46377805
AT2G28000	336.4160267	291.6367262	288.3364262	487.1013433	452.9300872	253.2084659
AT2G28270	2.187272858	0.788688129	12.69727949	0.929098338	0.335748525	1.84626395
AT2G28550	98.49967049	109.0694248	74.75547216	53.55156129	44.45418734	50.70039187
AT2G29400	59.04700093	47.4328284	58.40270255	65.71959053	77.85911519	93.85102723
AT2G29970	27.83935528	22.24717023	20.04127914	15.26231546	13.95426702	15.64099987
AT2G30500	59.46499385	43.89601768	23.77190833	52.96318078	33.974517	33.81215587
AT2G30620	129.1482927	107.9881055	144.9095204	78.40463442	117.6506365	115.2293422
AT2G30770	13.84394057	13.36856836	4.77638259	10.34587665	4.801860233	5.417421513
AT2G31110	9.859151994	8.981316238	14.10229984	9.375391944	10.20128535	22.26227855
AT2G31360	74.31439793	79.31992132	157.1838995	55.68485118	40.2949152	97.63346327
AT2G32120	2.414456144	2.396698692	2.116533015	32.27556262	24.11335486	11.48449714
AT2G32150	37.21101618	83.51733579	69.99013635	60.04457589	103.0035474	94.02080859
AT2G32270	11.08561025	6.99739582	15.39368412	8.586982204	21.0968926	18.68455002
AT2G32880	13.14866515	9.107242825	23.57633936	11.97537888	20.3269016	41.655804
AT2G32990	30.09649489	29.65393743	14.42231004	28.91555333	29.70598508	7.545705272
AT2G33710	4.948568474	2.898283863	3.787798614	3.3249729	2.232036078	1.469279382
AT2G34500	2.778398003	2.186720357	1.129872139	3.968196349	6.909976953	2.228003862
AT2G34600	22.11430691	22.34628893	1.162091926	38.67584536	8.547984349	3.37628085
AT2G34610	5.219125118	0.673938414	0.998052405	1.329713776	7.881457576	1.4152769
AT2G34620	83.26596347	88.59916041	115.6388447	125.6211514	215.8693067	132.2310381
AT2G35710	18.82076652	18.14529954	12.97268214	14.2547855	5.269332009	6.707528504
AT2G35960	79.21206354	72.23068368	54.00431809	57.6298846	30.36000642	19.67128017
AT2G36460	73.81394631	47.83877419	70.81320405	215.8391466	244.5004362	152.0896362
AT2G36650	7.733563877	5.726825903	1.134426065	11.7922973	3.974959612	1.599370105
AT2G36690	3.503003548	1.61768976	27.08381126	3.362075491	12.86322574	13.5895687
AT2G36750	1.86886242	0.84157625	11.15608922	2.222603113	2.588207136	9.042291096
AT2G36830	565.181604	739.5044311	590.9801292	954.2118828	1618.485936	669.9232995
AT2G36950	29.97735574	21.30316689	30.48243905	37.18275417	42.93987218	42.07509649
AT2G36970	22.20409146	10.16934455	14.16013874	6.868454834	5.389427316	7.869515845
AT2G37040	362.847488	334.8022183	163.0446419	370.4951383	132.5086405	74.27316433
AT2G37100	17.23066172	10.01877864	8.754175829	8.144739841	6.93511496	6.82818318
AT2G37180	145.3727353	179.3298217	87.09383455	256.3522414	457.9451288	122.0255344
AT2G37220	645.8047225	636.1588354	635.9090697	688.0943401	502.1367207	350.9609826
AT2G37460	25.3415373	28.18646976	34.8396188	21.5079442	19.0798549	19.25078476
AT2G37710	63.79474463	30.59535299	24.66884323	45.46441961	11.72782307	16.88964292
AT2G37980	3.616613186	2.669945761	5.27247255	2.230009013	2.764412493	2.651761162
AT2G38230	366.6518704	345.3110932	169.4802445	352.8957467	211.6521056	90.63381161
AT2G38470	114.9603214	15.08680149	32.73041411	70.42835887	7.057439716	12.15896584
AT2G38600	2.448917467	3.587468469	2.091571481	6.542170854	3.695491899	2.349857524
AT2G38860	32.90536922	40.77355229	44.23661149	31.26816288	20.97214433	26.34614868
AT2G39040	3.638301171	3.641481529	4.964494676	4.59096422	8.969209185	3.427465876
AT2G39570	50.40148025	52.24222341	99.17465215	55.08436986	93.6698031	120.9854044
AT2G39650	20.44877036	9.06944197	6.038063968	25.26838342	2.759678492	3.656863494
AT2G39710	33.4364973	28.8147457	10.98704033	13.51827522	5.666868382	6.679282411
AT2G40330	2.940359663	12.65002325	39.27340128	1.867425001	3.946913661	19.5156201
AT2G40610	24.38677422	11.36728917	46.02851115	15.01445492	25.22779659	64.62643016
AT2G40830	31.8480097	30.17426308	26.7730402	44.78263142	37.16460585	29.23453165
AT2G40900	54.83668172	32.83042665	22.16670698	28.64232516	41.64110254	21.6250367
AT2G40970	11.33415284	23.59900558	25.78242714	15.0228094	30.63288194	30.12056429
AT2G41070	4.694078693	4.567340292	2.766460858	4.780217153	5.914092797	6.79067962
AT2G41100	163.1516776	214.8672861	209.0251344	252.4410363	169.2648395	91.15936078
AT2G41250	117.4361648	89.65498838	53.32970328	111.7112868	151.0107115	72.26639869
AT2G41310	46.26965093	32.81534474	36.10245544	25.07612834	39.14762753	27.73088103
AT2G41680	173.5620349	154.671095	156.2242612	167.7189283	128.9683097	84.31433169
AT2G41870	26.68875195	23.09204408	21.99732364	18.34536086	17.52107577	13.45873133
AT2G41940	43.70091316	52.42235506	30.28487783	22.46231182	36.72251573	29.92158839
AT2G42040	9.210619928	9.151408799	16.54426483	8.391464962	9.988227617	30.83591556
AT2G42190	53.84287826	61.12416642	59.27237633	31.50001354	42.8091089	44.19999784
AT2G42330	4.258478317	4.903744174	5.362570057	5.846965884	6.312512137	9.360830079
AT2G42530	52.93534555	40.63060482	26.42957916	45.64789905	18.44915194	3.19498048
AT2G42850	2.511309571	3.176848881	5.074565398	2.257027867	11.6085747	4.973124017
AT2G43120	31.05463134	30.48672626	27.48223883	39.74483574	26.00474412	20.05259789
AT2G43590	160.8555173	143.5326532	169.0704872	138.2414557	96.27128496	70.69076475
AT2G43630	59.44800098	53.62663911	48.46262191	76.44152449	83.1733717	55.78549802
AT2G44080	23.54743292	20.60008165	60.16461993	19.4988584	57.6023928	50.34671142
AT2G44410	26.22065101	20.45898206	25.62067249	15.85137105	16.6050905	23.31111202
AT2G45050	10.39672852	14.73580052	15.02343101	18.03116698	30.2277332	15.78778495
AT2G45170	47.50096151	63.15669994	169.9674623	50.15543385	133.0145434	185.4012117
AT2G45300	74.41396836	68.7402914	61.49597268	66.25186368	42.86442374	33.95415333
AT2G45380	36.03335643	29.32473083	27.49178613	30.14509333	26.24447604	40.87237332
AT2G45850	19.6254697	12.75288066	19.40857926	12.03198859	7.810409592	11.41307355
AT2G45910	11.1933343	10.00898664	9.333123922	10.60524826	9.279575248	13.4770981
AT2G45920	11.42279501	11.6277344	8.117351383	11.67482216	11.95254857	13.85897402
AT2G46030	55.42854031	51.79473895	66.21708203	55.71694848	84.13047418	86.64752619
AT2G46250	10.40511863	8.171727862	7.18343374	7.821198136	11.09084844	21.85586216
AT2G46495	1.579955088	2.057850911	6.625938559	1.600930412	0.891088991	1.644022875
AT2G46650	117.0808498	174.0348645	147.9089181	115.6112306	84.91204973	84.55187195
AT2G46870	13.11377006	15.35360965	14.28835307	6.724755563	7.216304375	14.04014835
AT2G47060	74.18314401	54.38440548	29.48248969	72.58890534	24.64891109	29.12941429
AT2G47180	28.67999034	56.87770605	36.14245032	51.32703632	180.5049284	50.11881493
AT2G47250	38.59122758	33.5274796	35.6710274	34.74648838	24.15947684	23.58468313
AT2G47370	25.49652511	25.04307601	11.4828087	18.42576468	9.343889461	6.253980594
AT2G47490	119.0613274	87.35947186	55.41267565	79.30492118	49.3731142	42.98628514
AT3G01060	141.1787014	144.1069119	146.7925148	135.2183055	121.3695436	82.08535976
AT3G01260	12.63519869	5.861278846	15.4477524	9.740059285	4.123264489	7.30861271
AT3G01550	125.2384307	138.3191789	95.49066005	113.7086948	76.3076032	62.20707587
AT3G01830	8.113866217	5.462996471	1.066452793	7.11814969	0.399745851	0.114516447
AT3G02030	2.655200357	2.701594767	1.82094185	2.594161061	1.078247294	1.74964733
AT3G02040	131.589384	49.26097391	9.358368166	27.13905951	14.07290747	13.59280534
AT3G02230	226.3551393	195.2520447	236.6185332	206.7867523	135.0923028	117.2779933
AT3G02250	27.74238713	27.17797292	32.7736062	21.91422119	15.02186804	20.05538593
AT3G02550	8.672802646	5.837764601	17.80473193	9.594640561	59.86702751	25.32348745
AT3G03520	21.99789766	23.96449279	13.58259287	33.01945314	43.66520798	15.23512947
AT3G03780	222.4610745	260.2481219	245.6876275	232.0187038	97.54808404	116.0793533
AT3G03790	46.97293068	26.94249598	16.74990008	26.80355204	14.63708565	13.51128401
AT3G04550	83.1191585	66.86670699	69.27544636	81.14627143	50.50262666	40.41992139
AT3G04730	150.5645079	146.5842295	186.2462595	142.9575584	189.4948418	208.7213264
AT3G05320	10.11339587	11.66435036	6.387755199	20.71737716	6.934232488	11.46249144
AT3G05500	102.4214403	114.1540331	73.53250128	91.85579326	62.00045697	37.69775683
AT3G05800	15.48845336	9.628374352	10.58455274	7.239477591	5.860638188	7.27865105
AT3G06850	16.62084221	17.07360834	27.0100035	18.24893532	32.33016104	35.08187265
AT3G07195	7.374006545	8.673441533	17.67847587	7.899185703	1.879586979	4.961361718
AT3G07320	37.84742049	34.91685961	32.76099277	34.50747356	16.06597116	16.90055112
AT3G07720	65.25734011	49.16772475	37.91650542	85.56683929	38.23304135	16.2637174
AT3G07770	40.95111044	37.03904327	31.74595683	72.83107273	73.32181467	45.5718383
AT3G08970	6.435238246	3.72621997	2.84135311	60.55394992	18.69095117	7.220074039
AT3G09350	27.46121245	19.18483731	18.0727083	354.7212502	139.5369114	20.44736954
AT3G09440	320.1144621	269.9875265	161.4277347	981.3593919	376.7570242	90.44033949
AT3G09450	12.92703163	8.313644083	1.828698865	6.094174856	5.465897868	2.100412137
AT3G09540	10.69165761	11.76130536	14.78098912	9.99660538	6.959379788	6.112932515
AT3G09820	287.3700965	261.6333318	281.1120886	288.0419577	229.4610252	171.6425643
AT3G09940	20.04405759	49.05654068	38.80233805	25.83349369	20.63584392	27.22700623
AT3G10040	2.704177872	2.399487931	6.745768126	4.420805615	21.55919425	9.817048093
AT3G10113	3.865989983	3.71457933	8.543294279	25.84018887	10.3389121	15.96071009
AT3G10300	24.16619958	35.7455656	29.16027013	44.6471155	22.16785714	26.00586489
AT3G10530	16.38744851	14.31352002	15.86006069	11.20390949	7.045331195	11.42616127
AT3G10610	123.7687295	124.0826428	111.3809679	108.0266525	89.98627922	68.94724057
AT3G10800	22.45706816	16.88393578	15.17264621	35.98397468	21.59455239	19.64068005
AT3G10820	6.724107275	6.547483477	4.811292501	9.770568144	10.17369231	6.408429557
AT3G10985	71.81180368	86.75855806	88.0687465	128.6327918	149.2967889	132.3647659
AT3G11340	20.34348273	35.03652229	27.91610968	33.58626699	43.74449608	31.17269767
AT3G11370	0.479439756	3.092347619	1.454895921	1.378469497	1.065498828	2.506370983
AT3G12050	50.87076685	40.80221962	35.72046201	196.0521847	166.48235	54.78514348
AT3G12150	12.60900241	13.52793296	20.40216829	15.68720687	20.60160197	22.17655902
AT3G12320	143.2503825	114.0721643	73.20975861	83.62825023	88.59561175	47.83581297
AT3G12580	25.30460916	17.82421741	6.887794094	686.688783	699.12959	71.33224487
AT3G12710	19.69330682	10.19765423	21.34815585	11.08010271	8.342443163	17.09635589
AT3G13080	28.4727429	26.24683384	15.29615634	32.24247887	13.29347728	9.80307326
AT3G13310	32.22275369	45.78268462	43.34322093	69.04386344	50.55834743	50.07651526
AT3G13330	23.96188404	20.79356796	23.74302937	21.96936284	12.87475108	11.84258807
AT3G13470	113.8418146	108.5820291	97.51624767	283.1881399	369.6345365	135.1138752
AT3G13600	6.408058291	3.421788903	3.887493851	2.319420102	2.011097402	2.174506324
AT3G13610	35.5607683	27.34283421	91.82443267	55.39316734	20.43119359	41.1017141
AT3G13810	19.57509825	20.11499426	15.45418189	12.12230686	11.45638299	12.3533327
AT3G13920	378.1793659	361.0712966	379.1406908	358.5678364	247.0964977	216.874203
AT3G14200	62.02803779	27.33498541	25.42708158	311.9494563	45.9813381	39.22452812
AT3G14590	7.714941243	10.7347046	4.418112365	10.99978993	6.024005308	4.795182887
AT3G14770	90.27847099	58.61619543	45.80643997	51.33477923	51.32433932	34.52354555
AT3G14790	30.41467135	24.20083449	27.93927138	23.63031467	16.86688721	17.53571452
AT3G15030	42.51438188	39.95373705	32.33789611	28.55014601	18.39430544	21.41399864
AT3G15340	1.639729531	0.864212082	1.377913048	6.445955776	4.236668314	1.714952992
AT3G15770	23.30065627	23.15621585	31.4181143	57.26319904	53.98838934	42.24914678
AT3G16050	19.23667507	12.21752481	11.63843512	212.2737977	63.67367693	18.39239946
AT3G16390	10.91097892	8.859365994	7.422576355	10.88900567	5.020679176	1.469890865
AT3G16560	27.85892451	23.39349522	32.14780968	13.91841033	16.27174297	23.06172862
AT3G16660	72.03190082	63.8849011	81.06628431	75.05116453	57.41954115	53.26950596
AT3G16860	20.48117168	10.17602496	2.334733588	21.64744819	1.842660257	1.802416026
AT3G17510	175.012839	89.62160016	78.46463792	82.2413589	61.25050324	68.73499174
AT3G17740	7.38384936	6.268567021	5.795596165	6.327474417	6.371261131	9.697845575
AT3G17770	39.54813396	43.78689503	25.37612756	50.00150557	31.38339929	26.27799009
AT3G18010	11.28994267	6.068388224	2.948003503	5.74384961	6.552776589	2.669500408
AT3G18290	130.9700425	120.4053558	45.0797324	190.7884469	62.9104534	103.1549349
AT3G18773	2.539573233	3.201787017	6.997026614	4.031928627	8.487547673	10.99906874
AT3G19450	252.5310875	216.5725206	148.5664852	215.9042013	115.8744032	88.29051999
AT3G19970	31.44031786	30.71147335	7.783917379	25.00019156	8.686932372	6.735786926
AT3G19990	15.73210863	11.13021572	11.20615959	14.92679052	13.27135461	17.24788078
AT3G20830	8.199562623	9.982603876	6.783741414	11.67137598	11.08482098	7.116463607
AT3G21110	31.53746817	27.90941884	29.20749107	27.61653574	17.79401129	16.64294763
AT3G21260	22.23688132	19.74717091	22.0266212	16.67572234	21.09851655	36.3709642
AT3G21350	27.53176625	24.76990392	25.56268167	23.51024499	30.45023587	38.38912303
AT3G21540	15.67523032	13.14836179	11.95123552	12.17801902	5.749779572	8.417005621
AT3G21560	126.229697	68.03594514	40.83594297	84.18606492	30.69641631	27.4172563
AT3G21690	138.2347571	94.2571049	81.51098754	97.72908369	40.74116509	61.17882892
AT3G21710	25.13994759	22.33026522	25.94226353	22.58258233	41.78170886	34.87508601
AT3G22100	0.714636258	0.465550717	2.449083078	0.640662455	3.531319343	2.086199356
AT3G22104	18.10311523	14.31921049	15.95896673	10.42233605	11.6820263	16.60150973
AT3G22231	65.53175892	121.1940431	54.32076096	170.4847807	74.91744082	21.47273948
AT3G22420	32.61044503	25.51057118	20.04751752	25.98307338	24.7243649	28.20650293
AT3G22840	283.7877942	244.6357131	71.08860096	350.6705452	142.2284479	18.76177695
AT3G22880	8.218756409	7.902303118	10.27967146	8.52854743	8.778952991	16.86188141
AT3G23080	15.97449458	26.27941532	44.73512584	19.84954229	51.75435258	52.55156752
AT3G23150	4.313888842	2.495448949	9.830692695	3.792913817	9.781994497	11.42169849
AT3G23810	352.0020364	412.4880803	356.5166451	317.6407865	200.1931008	118.1690597
AT3G23990	104.898026	87.74149341	76.42519507	199.0300012	190.0447486	87.77344221
AT3G24100	42.06828861	48.04892264	69.43097987	55.66145294	131.4574911	199.875913
AT3G24190	138.1968638	94.28650422	61.60260114	112.8279228	52.72896562	34.74379473
AT3G24300	12.44956113	6.448815879	15.98120199	8.969715909	4.861066556	9.353106062
AT3G24500	27.5021344	17.06886401	9.36136038	863.2877948	437.0714315	95.67619166
AT3G25030	15.98065972	13.31442148	8.214984517	8.68012177	7.529250426	6.133385449
AT3G25230	77.36157631	65.35123604	58.27579659	304.2359133	208.0956169	70.31574376
AT3G25250	20.93370861	4.82830639	4.38491632	6.835228797	1.458487487	1.054156374
AT3G25730	5.95705918	25.16220249	12.97454897	5.378844754	11.88235239	6.77018565
AT3G25760	32.95099267	163.4170191	152.7433465	25.79190683	104.938098	29.29817629
AT3G26290	8.103690439	6.772450019	42.3958481	3.383420878	4.618394231	49.1777479
AT3G26310	13.21118448	10.77032685	10.53662931	7.368177174	7.758091526	11.14550278
AT3G26590	33.07032977	29.25209027	24.98225895	30.1818775	13.38464612	16.35493151
AT3G26690	25.39707381	24.3759072	19.49997514	23.02211367	41.96829146	31.31888161
AT3G26720	27.8084209	22.2661316	23.49806961	23.25150216	24.48168918	36.6611469
AT3G26890	21.96916056	17.31976682	26.73095394	19.20464181	28.70180434	30.01488033
AT3G26910	8.065652618	6.693702521	7.852532296	10.24068588	6.866448906	6.717546909
AT3G27740	93.57022533	82.59137726	87.51244766	91.20369604	66.67576559	58.02212092
AT3G28130	20.63346045	18.69245135	22.17980168	17.62950982	9.059242342	20.9363918
AT3G28210	7.875473742	10.53591925	11.73301746	21.60053505	12.08562563	7.502606388
AT3G28740	21.40549941	18.05995499	38.86128434	28.48957469	23.83606689	19.66933756
AT3G28910	30.28410635	16.48572179	30.87023861	14.13573668	10.07676789	20.19691603
AT3G29240	134.0767897	102.3933065	142.923517	121.3272196	175.194457	145.7562904
AT3G29575	50.22353685	28.24119463	11.99416877	32.61745048	24.58161264	6.592584652
AT3G29810	4.858716961	4.673887299	4.534827822	6.755801546	13.85937132	15.08764434
AT3G30775	88.81516734	208.216148	181.1277897	147.4415661	209.7826915	99.21293575
AT3G43430	16.4600269	24.32788531	16.46810531	25.50516738	19.12392164	21.76671401
AT3G44110	237.2190776	205.8597061	159.5030403	441.6011954	287.3224006	146.2941836
AT3G44190	71.84794287	87.57042309	51.79392941	91.20209111	79.31737179	33.06626721
AT3G44260	132.218236	25.93924835	10.57652445	73.61975872	6.244271345	8.717676236
AT3G44550	35.87279778	36.29831581	20.0819205	29.18003398	20.60206359	9.11114483
AT3G44735	110.3206463	102.5034777	47.52214239	64.4009223	56.80564641	61.51939676
AT3G44870	0.723865705	2.842045545	0.117844129	0.981844312	0.042801546	0.18785004
AT3G44970	20.09406346	25.34924559	38.09979389	26.94885816	21.48642001	28.86172989
AT3G45960	28.39434468	20.59150816	1.81954254	26.19861707	3.193393414	1.495714936
AT3G45970	54.30805619	147.4990411	31.33082862	115.1888457	58.98891143	68.1569249
AT3G46270	4.381380119	6.001247299	15.81546052	5.070205661	5.883719679	5.09482898
AT3G46490	22.54447011	18.40617823	21.99398761	18.39341781	6.938305849	18.90895293
AT3G47080	41.90815615	31.44334913	17.51800844	30.13503279	14.16439115	11.58189284
AT3G47160	4.616361651	7.63488231	33.47668049	5.830041791	15.96379187	47.26449049
AT3G47420	180.1885956	80.95834935	21.34859258	57.33972769	52.95417848	28.44998906
AT3G47500	55.10207382	52.10434171	67.1740837	25.09956642	35.70004144	42.84051653
AT3G47520	171.7582449	149.3612707	151.5191547	158.8050092	115.4778171	100.4800889
AT3G47680	14.72787548	14.43646516	16.76134841	14.78207019	19.67859711	24.34283834
AT3G47720	1.601839611	0	0.515480375	0.469012152	4.638473039	7.895241227
AT3G47780	13.66484102	10.67747702	7.259884162	14.06494007	5.344968248	3.611183584
AT3G47800	24.08333816	15.72509272	58.70904234	20.01173411	26.57672205	50.92405171
AT3G47960	91.00606092	110.6191849	36.04100485	92.55173148	49.73810981	34.92419604
AT3G48100	13.90259876	9.85166654	12.59142438	7.843143465	10.76155382	11.01929629
AT3G48520	27.19356482	25.20160079	1.355487185	50.29899357	16.93314509	1.99021426
AT3G48530	36.43006904	36.45054101	69.30199584	38.78296769	62.5098503	87.27150598
AT3G49190	4.717772426	3.238471146	6.814339943	4.030824355	2.791600114	2.167788609
AT3G49670	56.28991086	46.85994744	35.1965644	33.47519394	26.60753034	28.7222773
AT3G49790	4.599834334	6.106949128	17.55589875	8.766971229	15.72450651	24.00241111
AT3G50240	22.45348297	22.79856157	17.34553869	16.28108577	10.60101958	13.10701347
AT3G50260	11.58413391	21.21772543	10.46723608	15.83240138	11.79950151	7.004419207
AT3G50350	16.51772019	31.54058228	35.58685795	14.25198545	14.79332387	13.57368257
AT3G50480	11.49526385	13.94841751	35.99951643	20.6341519	28.84268005	24.67784455
AT3G50560	26.98116555	25.4310022	13.98294885	45.0445933	63.98100755	21.55522063
AT3G50760	11.00361063	6.314539873	5.362973517	6.429479435	2.213486631	2.792965081
AT3G50930	34.01122093	10.11038469	3.036138376	23.59472088	3.30732495	2.664227992
AT3G51420	78.66097408	59.80153242	50.32040237	71.06883534	79.8822954	78.40106997
AT3G51820	242.7908179	208.6079254	196.1561342	229.9546126	173.8634006	122.4528369
AT3G51840	74.73984654	60.09021477	106.7725162	68.64412253	88.88427636	140.0498134
AT3G51910	5.932739664	9.006063173	14.66329286	265.8902065	29.22711796	19.90620281
AT3G52450	29.06867898	15.27684924	17.86950239	14.78735038	12.58300925	10.96440086
AT3G53230	8.718209701	5.867765496	4.743766101	25.28417309	48.76487014	12.42089808
AT3G53260	273.8641583	203.5956311	140.9941365	211.7920982	86.25550434	88.91727257
AT3G53830	12.82409735	21.71315611	10.66739804	41.12730361	60.79191787	14.39783928
AT3G54020	23.56332149	42.89689691	10.88293947	46.48289818	18.80441906	12.89504159
AT3G54050	477.263153	440.6068063	508.426906	535.896998	429.8759726	312.7074233
AT3G54660	210.25333	191.094836	188.0280756	194.1110945	109.0575608	93.67446606
AT3G54950	11.69158492	11.81761235	8.23459543	7.950841474	5.801135525	4.791193245
AT3G54990	51.46985373	39.35315586	24.95803971	34.49403074	14.73533442	16.34693508
AT3G55090	3.72990565	2.00738674	1.038913605	1.832818516	2.428280552	2.350557354
AT3G55120	125.5777863	161.118352	80.29204783	146.498672	67.84040178	22.44400267
AT3G55240	8.302369609	11.97500966	58.09876518	6.416372427	27.41237031	83.21719656
AT3G55400	66.94133188	60.08252598	59.68309104	66.16453749	45.30691647	34.32257891
AT3G55430	69.62394699	84.62591169	35.28061425	106.9533733	46.35382832	36.02361985
AT3G55520	54.64691667	48.03402093	49.84052111	32.91604009	26.70271571	27.86566326
AT3G55580	9.770699837	4.967920556	2.711686883	14.87201185	5.207696307	0.889474372
AT3G55980	209.7318103	30.04461982	20.25141913	137.7857299	10.17946031	11.78443828
AT3G56000	2.688975656	3.582237586	3.41333148	3.106777314	5.480613592	7.161159783
AT3G56200	51.10998901	84.11080257	22.36934237	79.07488339	28.50194933	18.84331494
AT3G56300	4.224154259	2.666952847	2.301300858	2.208781612	2.161914106	1.365553149
AT3G56690	6.424300415	5.136068715	6.135707859	5.508652206	5.260977997	9.301844426
AT3G57010	46.53118849	23.03996427	16.381154	25.99124033	26.85677487	7.875591172
AT3G57150	99.61939307	79.3058571	73.97708292	83.80196119	49.7354065	48.42044767
AT3G57810	20.63632806	17.60898478	16.8022252	21.76703351	40.87207559	31.05426461
AT3G57880	33.83308889	23.32562678	11.58651675	75.76483227	30.94411877	16.24620186
AT3G59670	32.730153	29.18921974	21.84710711	20.37540148	9.578737308	13.79881434
AT3G59940	26.12393168	38.44360002	70.91585826	44.81708572	52.51177621	79.17010641
AT3G60420	5.869710668	6.090737589	6.997208507	9.527110201	5.242177381	1.756476089
AT3G61060	7.441111754	18.49770025	26.35247093	13.10052608	31.78793274	33.14562962
AT3G62460	23.4983464	17.56791153	16.22837057	14.90062603	7.044466742	9.660634571
AT3G62600	58.41959329	50.27898545	48.31474079	63.68598937	93.90830916	69.107738
AT3G63210	24.11764418	21.52485139	34.47475988	12.52108881	28.97591766	38.11188919
AT3G63310	76.27624577	64.50644337	74.07542544	100.5988986	117.7038157	95.97833071
AT3G63350	0.139738904	0.402676581	0.243739785	13.08710567	1.920098509	0.430617249
AT3G63380	1.39463844	1.788822489	7.041219773	1.65392612	1.982762156	2.851563513
AT4G00370	123.0073235	106.3839236	86.94850973	107.3322079	53.16459584	53.19427357
AT4G00970	8.602311062	16.91261908	8.670237732	16.349924	3.947176507	4.162815162
AT4G01270	2.467480328	2.166477674	2.113120678	1.962587525	2.232794973	4.009122047
AT4G01330	12.89376349	19.71680988	30.59835658	20.6916203	37.29106131	57.66990472
AT4G01630	6.505826212	12.00887572	10.14922801	6.351773284	1.62926613	1.584121446
AT4G02280	22.93074591	13.3059526	6.446283734	12.89420397	7.662551844	3.558642299
AT4G03400	19.08378623	45.26848228	37.75577365	12.11318769	12.84145346	27.86742056
AT4G04020	164.2171641	195.7510392	205.9872279	309.3668649	455.4410709	142.4461412
AT4G04210	82.2521021	68.49553966	78.41038789	60.8829837	43.91422234	51.062255
AT4G04570	52.74967881	54.67506112	39.70852109	53.54906652	22.10282953	30.46741479
AT4G04610	127.2632834	173.5099437	72.99836192	177.1620409	60.81513548	60.89555505
AT4G04750	25.01149666	22.43635972	17.03851116	24.05446144	9.612132014	10.96791773
AT4G04850	72.425141	64.28445593	65.27412001	61.46693882	44.00129228	42.00371453
AT4G08230	34.12187085	36.49758015	32.61317631	45.27404994	69.39459643	43.16022184
AT4G08950	156.7090856	204.5051895	55.71371336	261.1717597	130.2614429	100.723224
AT4G09150	28.34297919	28.03048903	28.32180587	74.0824459	42.00718237	28.18584123
AT4G09510	23.46467848	27.51976283	25.39462183	19.21383035	15.69742857	14.26012416
AT4G09820	4.18342502	4.311965	3.39489106	5.821590149	2.706478121	0.995525503
AT4G10120	109.3142037	89.69092253	40.51714438	87.86088799	31.04060995	18.73079245
AT4G10250	0.196038365	0.046471557	0.077456341	0.655545823	2.100529498	4.774970845
AT4G10330	12.97649287	11.77910673	9.570716034	14.77864096	20.30619959	17.71414485
AT4G10390	10.28647084	13.90088581	5.388142033	9.423427738	4.97662165	3.890684154
AT4G10450	137.8756118	132.6078357	128.6293522	127.4137933	93.35135726	83.31579728
AT4G10480	250.6020878	231.9010117	224.2232133	243.2798645	195.404663	152.0238202
AT4G11280	131.6038877	43.78974115	16.51129364	113.9171627	11.29007087	8.0818854
AT4G11440	5.293738458	3.524756023	4.460100926	2.628397864	2.546364908	3.996734475
AT4G11660	13.24687384	6.861826418	3.962755209	77.50822658	16.27789928	9.2083072
AT4G11960	27.89456357	20.47772712	24.92884487	23.76250518	32.63058444	71.77860041
AT4G12030	75.98376092	113.5868285	85.58038967	81.68544583	45.7728205	64.34039936
AT4G12120	6.356651847	5.913482244	8.387929417	5.392134999	3.97137075	4.425485997
AT4G12320	57.16480095	53.88949568	70.00630757	47.86271614	34.17182234	43.92781967
AT4G12720	60.89797971	73.74360993	43.67092932	101.4374681	54.02992543	25.65303272
AT4G12830	76.79315972	64.08231946	54.57644392	65.18036392	41.62205187	29.41807486
AT4G13410	14.00715032	20.86424492	19.32195848	13.76308713	8.112549565	4.017813021
AT4G13420	2.510321192	6.287664513	9.002724582	3.831934949	3.195586784	2.716156032
AT4G13620	3.679637592	6.177044638	7.494260649	8.394091824	7.194603389	6.873780182
AT4G13650	3.056112612	1.7422326	2.243633368	1.631684942	0.979259972	1.820484004
AT4G13830	37.2193437	42.55554741	88.22670431	40.21538302	90.27723757	140.3277033
AT4G13930	341.5136012	328.0370975	261.659231	298.7978332	155.3821646	132.6017894
AT4G14270	13.039354	10.00771428	41.5419663	49.41631233	54.12471085	89.54858731
AT4G14370	3.604937291	3.058545318	1.715039371	4.072965305	0.784080043	0.977628626
AT4G14630	7.604320664	22.28584438	74.74668969	18.71383142	16.53179268	26.2437096
AT4G14680	31.1651484	60.82418671	36.60658359	41.74019968	35.36410803	27.30950834
AT4G14690	165.8254624	137.8755222	50.41443015	160.1390893	94.55748491	4.882473579
AT4G14740	19.17373969	21.03778405	18.15328905	11.39507073	13.511847	20.25805517
AT4G15340	3.349008561	4.635768069	4.037828945	5.32122343	3.826160057	5.532160783
AT4G15393	14.08821329	9.134918525	26.5258066	8.735100209	2.592955072	10.46205498
AT4G15410	22.8509032	19.11666884	18.45278185	43.45088256	24.24613556	18.50515603
AT4G15480	13.31978314	7.757043343	1.607365415	13.10977843	1.779596516	0.865699903
AT4G15490	23.44644744	13.68181508	12.80700919	16.00193662	6.775839288	6.961204281
AT4G15610	56.01048528	83.8000826	125.3402195	49.56285596	131.6898834	99.67735703
AT4G16260	55.49405461	46.10907823	57.10742841	45.25553681	50.54905799	136.017073
AT4G16520	134.0321851	112.388774	200.1522676	116.3298795	186.1413685	254.5380695
AT4G17250	9.857364429	2.801051185	4.323948854	21.81101358	6.291813786	6.805950571
AT4G17615	31.43181403	25.57023836	12.89275132	32.36584086	11.42166656	12.98149025
AT4G17880	37.39454271	27.45970158	15.83837332	18.14458475	15.73411966	15.46960817
AT4G17910	11.54380124	8.910098097	10.58817286	10.94041818	11.98238511	18.65655903
AT4G17970	5.549458151	4.866765431	5.848487131	9.289108327	7.542571222	10.08715994
AT4G18010	35.62354594	46.03287709	40.698075	42.70381602	13.17857118	29.71213977
AT4G18070	82.87719687	116.1871852	68.59367731	87.77820307	45.91331962	50.36281151
AT4G18250	0.52375907	0.365730145	1.853540567	0.611377593	0.273960461	0.736851037
AT4G18270	6.275341655	8.054383862	9.7784059	3.752195538	3.037165126	6.286003401
AT4G18290	9.01482334	5.875660187	6.966172417	5.020900659	3.931770097	7.235819656
AT4G18430	7.804814663	9.133625924	23.50455743	6.726291221	9.719376227	13.18212052
AT4G19120	38.58946006	40.15014215	37.20356257	25.89493972	20.34224815	16.94685859
AT4G19390	18.23025388	10.84280107	13.05398454	11.67365183	3.755490512	7.761245533
AT4G19520	8.541775027	12.67725713	7.919991622	21.46893157	4.817565694	6.355662903
AT4G19710	62.57363331	50.60817759	48.98743161	62.91123773	36.37255986	30.07189257
AT4G19810	32.06679402	23.72399292	36.20127025	22.63035535	19.10631068	15.97757605
AT4G19960	15.51869866	18.89998561	9.649632542	13.13116643	5.900219814	6.877802079
AT4G20000	3.677751714	1.069363097	1.831545511	0.829258333	0.990598391	1.407045676
AT4G21400	4.107780213	5.810410224	9.343756402	2.818089171	1.497497134	3.513695179
AT4G21670	14.35553955	11.98458211	12.45872155	10.79635721	5.399001842	9.473124503
AT4G21770	30.24556978	23.97836845	25.29597995	25.84285531	17.52347388	14.87054262
AT4G21840	4.028696498	11.25820854	2.703678766	3.792860786	2.554727135	2.633486368
AT4G21880	3.347836193	3.190538708	3.598978828	3.168116308	4.092907215	7.568173809
AT4G22070	2.731215302	2.096823803	5.444640198	2.053893929	1.370581171	1.89700814
AT4G23200	1.726750149	3.065467305	3.546868455	2.420571032	0.746713719	1.294443615
AT4G23400	176.2695419	155.5494095	225.1982306	143.7857523	198.2499618	410.893537
AT4G23493	4.739596418	3.181352424	4.001531915	13.69193781	22.15687382	13.6565971
AT4G23570	46.47295906	50.94392537	37.73557051	267.2972601	119.8359923	38.52271898
AT4G23680	23.33681693	22.89167045	29.09789723	28.0916289	66.40418036	60.28808019
AT4G23700	8.989291531	4.915747887	13.98351138	6.175542127	7.43606769	4.997397811
AT4G23750	25.68636513	20.47992016	15.0386618	12.56972189	12.42420055	12.96608363
AT4G24110	5.393715908	1.486343625	4.826791169	3.25215941	13.7363119	12.47649345
AT4G24190	167.4081766	129.7433333	148.5748733	180.2115271	238.1302916	180.2224879
AT4G24280	209.6080065	168.574739	168.6204754	282.3561329	246.8634491	191.3213219
AT4G24620	117.0358908	98.52082447	113.6955794	121.242621	74.43325121	70.11534093
AT4G24780	127.3907762	70.11352698	84.86127489	71.97459946	53.04905684	69.58299086
AT4G24960	138.5574562	253.5341671	60.20804027	114.7062293	220.3752256	25.35529468
AT4G25090	6.129929308	4.065315575	10.33572505	6.651153214	2.462943915	5.825052877
AT4G25200	0	0.149723014	0.04222229	9.481606524	39.29394024	6.655819849
AT4G25260	28.93416815	24.16101824	29.48790955	15.8370121	22.24379507	29.85743851
AT4G25310	1.582414787	1.689730989	11.55039909	1.472638351	1.377981367	3.896244279
AT4G25450	48.21459427	37.85644901	38.93848998	46.13992459	28.06332808	19.50940494
AT4G25630	104.8426378	102.1757734	94.08951724	90.25680895	49.04024137	44.26415366
AT4G25640	189.05657	126.3265818	76.11961869	181.0320862	50.66728041	48.99761665
AT4G25810	37.76367157	43.66125517	10.40155227	65.56883954	35.04909136	19.96677279
AT4G25990	10.28968128	8.239862771	10.91772842	3.354264413	4.421889238	9.76984922
AT4G26150	45.52260844	18.62493705	6.827641016	17.16612621	17.08713706	9.789444822
AT4G26480	59.71187937	67.44698046	49.18681698	59.24373465	35.84783698	36.44137832
AT4G26850	887.0501042	727.6780136	180.9449623	805.3447932	358.2074598	159.3206435
AT4G26860	113.9576907	120.721374	105.0542155	98.59756966	86.48671346	55.84821766
AT4G26940	48.35863437	40.81445368	47.01038017	40.05203081	29.39661614	26.46313191
AT4G27070	10.24428039	16.47151407	9.131115242	13.59962894	10.47926377	7.508568988
AT4G27260	13.75296437	8.757761462	13.84672608	11.62313673	19.59021614	15.91915557
AT4G27310	81.34084335	60.44875138	86.00305911	38.71701275	56.42339636	63.64216828
AT4G27450	45.5764488	28.25155132	63.03739899	49.9334258	124.0075705	209.4997923
AT4G27520	443.1314882	435.0915432	231.5699087	453.8153017	262.6650613	127.4231974
AT4G27560	43.19388533	58.98382578	33.03835626	44.73476162	25.52393106	13.18427217
AT4G28040	7.342445801	6.725301099	9.73661847	6.098164767	19.45944527	13.795757
AT4G28270	20.19353364	12.33222471	19.10569188	22.14059804	32.76254298	38.93026631
AT4G28660	355.1390925	366.0366765	323.3325813	370.0805472	335.3536401	192.7870379
AT4G29110	11.92667068	8.657018332	11.38349922	7.217589347	7.118155733	5.624856074
AT4G29330	48.67627015	42.29896229	41.28910525	72.4627591	83.1352843	55.42628573
AT4G29690	14.2938865	16.3090955	12.97175415	14.5236249	9.641112027	5.025157049
AT4G29720	36.72367078	32.00319208	29.12009639	19.17487573	15.92026698	22.0224739
AT4G29780	122.4855307	11.38643404	4.265722369	66.81436536	2.725288513	2.512429349
AT4G30080	11.80269395	11.01515508	15.09427105	6.966731137	8.632155021	10.96165762
AT4G30460	42.2336458	39.60450514	22.25368091	43.84588143	60.00405647	29.36652872
AT4G30490	43.1694366	38.98133465	26.87362315	85.05331876	53.38816456	31.91300147
AT4G30600	85.40649335	87.17519808	77.61252155	74.6471411	48.53847355	59.21025157
AT4G31390	64.21116427	48.59442414	39.67102182	57.12706416	27.22384276	21.01986663
AT4G31700	512.3404313	512.5971831	537.2859273	501.8793809	446.2422713	324.7725363
AT4G31800	29.60658203	80.68884767	17.82832786	43.02723257	13.67496294	10.16255852
AT4G32020	565.4150787	375.3657271	303.6621623	324.9382253	182.5475441	236.7143371
AT4G32208	7.719775847	7.934564612	3.993405223	25.07281703	17.85982977	4.518912248
AT4G32295	17.06203182	12.28730175	6.258256267	9.925028858	8.205126729	7.756411522
AT4G32480	27.99440803	30.52663929	17.79792734	38.5946519	56.89476557	34.70966546
AT4G32800	14.1066553	26.64491046	5.612697001	11.65697404	7.246311416	4.420020703
AT4G32920	17.30072605	13.91668322	7.110054672	14.84397961	5.540367497	5.025523182
AT4G32950	1.390870805	1.184749353	3.920696755	1.114952644	0.807663983	0.498415786
AT4G33050	25.31597009	17.64432311	28.20900188	27.20644221	6.291690052	10.16013573
AT4G33070	44.2682435	17.48638351	74.50423253	49.9563145	47.37780405	58.9619893
AT4G33420	42.11759862	45.44321594	30.04247078	55.10298884	45.42541586	39.2821147
AT4G33740	31.16360604	25.1284035	28.55958787	25.58401373	24.6911012	40.78816107
AT4G33880	2.752445577	3.700079917	4.867941995	2.439808575	6.94162665	5.101829794
AT4G33910	28.7764148	27.5137091	25.7709526	27.44537168	28.10363492	38.77829447
AT4G33920	84.52765605	38.84216964	30.13745393	61.43696178	15.69722228	22.78911917
AT4G33940	22.71362587	23.20938669	18.56471471	30.95896755	26.97201924	22.39079039
AT4G34260	41.2749829	39.77100937	33.93585577	35.90916569	35.84814217	58.03741356
AT4G34550	11.00418404	5.814939825	2.381774436	4.453687116	1.167327346	1.14964062
AT4G34740	47.64105181	36.413332	46.25600348	25.16374032	10.96025143	19.97013161
AT4G34980	46.63873431	39.28490306	36.73460779	36.01151285	19.51302138	28.21410681
AT4G34990	10.97449938	18.89458998	5.589063398	11.50686899	6.389180788	6.168879295
AT4G35030	8.908353868	7.723254322	11.38543723	4.937500131	5.4705506	8.307397117
AT4G35160	17.52834141	20.10835903	22.51032586	13.96944898	18.44962355	8.759884519
AT4G35270	21.48864249	11.25813213	10.58892347	10.66665989	6.731407095	7.522756366
AT4G35380	5.590740939	6.977909985	8.0161159	7.469138118	2.693710102	4.134289566
AT4G35470	20.34207772	20.04582409	22.99379115	21.38518497	19.36839573	32.79952016
AT4G35985	14.51201835	21.90886355	6.924591752	24.33474961	11.4056374	5.473916574
AT4G36010	9.919314864	26.18934232	7.800572299	14.43946042	9.453997206	4.298274741
AT4G36220	149.3419741	133.3790061	110.7567784	116.475787	62.03059665	74.2795265
AT4G36410	8.69823176	11.42663149	33.54600039	14.50505485	36.66661614	37.81961478
AT4G36850	14.84093989	18.83618663	123.6840834	6.2905034	26.2157533	108.2761603
AT4G36880	5.194435182	4.592032009	5.349016729	6.229224919	11.17093118	7.94145542
AT4G37380	3.171502197	2.719372199	2.399106639	3.413987935	3.185821715	5.034369739
AT4G37520	51.09052915	48.62881283	46.85511226	45.94358118	52.82023983	78.05508825
AT4G37800	184.7018648	191.0837424	335.3483023	187.1589697	271.2286408	367.8703396
AT4G38060	41.30170999	28.25841316	21.31777167	49.27210458	55.33007995	38.77186388
AT4G38090	27.24958485	24.03960558	26.37732444	26.5982784	28.8398983	41.5761762
AT4G38620	50.50971307	46.62588756	27.71327046	44.01299971	20.66820922	22.47286237
AT4G38770	356.1637155	363.8027712	511.3051383	369.993347	195.4765558	216.1531476
AT4G38960	54.77242717	35.93210596	18.10612018	33.94343508	21.20722123	9.920127745
AT4G39320	12.57481364	13.77053242	4.414280405	9.076821272	3.09626881	2.314616507
AT4G39710	173.9490339	150.2411069	153.9644496	155.450402	141.3829031	92.79376816
AT4G39890	9.282776135	8.087899363	7.945627942	16.90615465	4.379990893	5.482220518
AT4G39940	107.6652271	183.8748384	122.6713872	122.7007031	79.68771549	86.98822841
AT4G39960	81.68830459	70.26917316	48.78138315	62.12681506	28.95627898	28.47843731
AT4G39980	56.88997278	92.61031957	84.1013738	49.11144485	40.46662612	59.31511087
AT4G40060	70.97336301	52.19797733	42.59921545	59.64570439	89.93087954	73.11267897
AT4G40070	2.42044274	4.95575801	11.64957207	2.555321734	12.18211985	9.503625717
AT5G01040	23.09173211	73.76226019	27.76398817	47.7366612	13.73388207	19.41645635
AT5G01050	3.61789514	8.626169384	4.555253	5.204406865	2.178341583	2.799426763
AT5G01100	9.941444854	8.846434226	3.070162657	12.30845436	3.69279536	1.506972165
AT5G01380	0.786582446	6.261167065	1.038805916	2.567203453	5.553716012	1.278355578
AT5G01410	293.6996989	302.3632504	231.4460927	308.893818	238.0790908	109.7844646
AT5G01670	12.91574417	10.13838603	5.411336333	9.337826006	9.20894124	13.2952179
AT5G02020	8.038891149	7.110643753	15.00221432	5.561788427	21.78139151	13.56407988
AT5G02230	44.93591691	82.45265318	21.84722581	57.50505229	60.45496928	45.71233269
AT5G02490	19.01927421	23.05926632	8.618267302	67.03823814	48.10295359	8.914771149
AT5G02500	911.0802379	905.4126132	724.6044747	1472.998601	1191.486897	580.1968929
AT5G02780	12.96099023	8.349687397	7.147260783	17.9684739	5.489580393	2.469149834
AT5G03120	74.60353463	74.6671593	60.09816448	49.73672958	65.43521312	94.50504701
AT5G03160	40.13201803	33.79162276	34.14156806	42.9170734	54.1219254	34.45785143
AT5G03230	21.33894573	18.03746565	20.17057727	18.35090545	19.94753971	35.15170019
AT5G03340	16.9374928	13.71014292	17.12011386	32.11958925	22.57284978	19.94909738
AT5G03350	42.64500959	73.69919201	38.56651292	51.14314431	38.21241989	14.31176911
AT5G03560	23.38099645	23.20841162	19.98206251	31.1292804	32.63076005	24.89904259
AT5G03680	3.212971763	1.86304461	2.273088375	1.365897724	1.486110222	1.586756925
AT5G04150	10.87834174	11.00032398	4.721009505	37.42407073	16.99259275	40.05826659
AT5G04530	30.32422182	24.43419138	37.49218008	16.95110446	22.39614247	36.05164972
AT5G04590	226.8296416	229.0271362	221.6119912	214.3736564	149.1331512	133.0185413
AT5G04840	5.26166297	4.520344558	3.812830327	13.02215276	6.639040931	3.338666238
AT5G05270	315.6011934	347.394848	144.8501499	360.5704571	158.737963	69.50170043
AT5G05410	10.01370426	3.902359083	9.846275621	44.28627604	10.6106733	7.428717593
AT5G05480	5.022129431	3.569066924	4.827243869	5.299063622	6.220613711	7.191982569
AT5G05690	72.74072042	60.96388541	96.3562502	59.09206011	91.42689557	121.9582447
AT5G05860	13.84203739	14.09557784	23.03224237	9.186848508	18.76316943	12.72022816
AT5G06060	106.8746005	98.84763776	90.96992411	95.35254486	66.9547851	48.52150256
AT5G06300	15.55598336	20.85111539	18.37290657	23.59952581	28.4358241	11.98401522
AT5G06790	31.96881479	16.88060202	10.04079267	16.64083378	13.10344577	10.30792195
AT5G07440	133.4999294	153.420418	249.8982138	123.0775513	211.413984	223.9934289
AT5G07570	0.56442311	0.626873541	0.866597349	0.584243797	0.643999521	1.945838582
AT5G07920	15.37230109	20.286284	9.266625537	18.69452306	9.830983899	8.163604603
AT5G07990	21.67568959	24.62845995	12.37317936	37.98946272	14.22319479	5.491971141
AT5G08260	45.37166531	33.5142823	34.22649982	43.90031179	18.3474061	17.40278202
AT5G08570	85.33467089	73.14040939	80.93720905	77.54682266	43.82470217	45.73466788
AT5G08640	197.8127091	202.9311849	65.06716773	228.9483923	77.2497167	28.54560559
AT5G09870	119.5707599	115.9964817	65.44468569	103.2752428	40.5873122	41.58732128
AT5G10250	3.191413027	3.657623503	3.658426519	2.571185844	6.028123043	9.555580646
AT5G10300	5.50059996	13.78588508	7.05104641	8.627903424	11.49834968	6.684338937
AT5G10550	39.17185438	45.7469574	34.42417219	97.42934524	34.57568177	41.07468168
AT5G10946	5.697045264	3.517369298	3.250878431	4.3775	8.777162463	6.792452001
AT5G11060	17.9894596	19.53979153	23.77392266	23.20292477	20.49764242	18.61776748
AT5G11580	21.90557848	18.50543725	30.97377796	20.23137719	22.80611842	45.69991727
AT5G11790	73.13988639	90.65306634	67.7793752	61.43977499	48.30876234	45.21528276
AT5G12010	36.47891272	41.25354362	24.27772757	20.73460974	18.68808984	15.38778753
AT5G13080	4.901101239	2.695941492	4.573895482	4.875150136	16.27905146	7.956246619
AT5G13170	53.79060844	27.32080394	4.282423874	35.76142462	16.22192487	9.117876149
AT5G13180	141.4182242	138.62499	117.7273853	79.8548929	113.4228109	116.1692879
AT5G13210	1.236495189	1.83526198	1.321342306	2.046271221	2.163704631	0.89512504
AT5G13220	10.0188977	40.55514422	7.951543337	18.47004153	14.41014277	4.376000267
AT5G13430	116.821667	105.6714932	111.0148832	113.3561057	95.07637992	72.56618664
AT5G13490	20.67261102	15.36378375	15.33155077	16.32892221	19.59167185	28.45651976
AT5G13630	638.4458837	578.6920235	556.3913359	615.9620054	441.5446872	313.8026566
AT5G13930	413.0286972	483.5050119	282.0853874	569.2275382	367.3631941	84.51930876
AT5G14120	35.69846199	51.10933321	174.6437402	37.92958537	101.666877	143.8547462
AT5G14640	96.47344912	83.26024223	52.6260161	88.41360868	38.896965	27.14697529
AT5G14650	19.34226517	7.151482463	7.539996408	21.6233663	4.596544196	1.891081771
AT5G14760	80.29579116	47.40396133	18.99334689	67.31308423	25.02271604	8.444338967
AT5G15120	12.93833236	3.545472567	20.88133213	8.19968507	27.37871649	15.0433838
AT5G15290	1.00409269	2.284750357	3.664591511	2.192652364	9.237032779	10.25797627
AT5G15640	28.67856593	23.13446951	26.26146689	25.03589396	14.89051307	14.71870901
AT5G15650	240.3056066	231.5097247	241.6772051	218.4779932	192.6986606	132.1934983
AT5G15790	14.76291337	11.17545198	11.8756875	8.111054265	6.614490533	9.400565032
AT5G15830	19.93040898	14.30632375	27.65641332	14.92336507	25.84789985	26.54495545
AT5G15860	20.01925008	12.54072357	14.45432732	19.34568374	25.04711854	20.82286369
AT5G15910	66.45619958	62.95743705	54.48118296	60.73684498	48.35585511	34.45767855
AT5G15970	472.9566042	716.2247804	649.3304953	447.9876206	727.0910739	238.4209863
AT5G16910	28.05664047	34.52989993	20.40213273	35.60922532	17.5568251	15.83128418
AT5G17010	44.60800471	41.34973885	25.78010267	39.08198057	19.3651858	17.02036061
AT5G17460	16.58441224	23.91983987	21.99781282	9.632408407	22.2396109	8.250241472
AT5G18065	4.166347176	3.283451107	2.864904772	9.722864445	8.568899919	5.79848351
AT5G18340	0.87263292	0.644385137	0.342142124	4.869306261	2.586032934	1.63860093
AT5G18430	14.11178715	8.18606711	10.91119561	8.782483115	5.787801146	5.253212648
AT5G18650	51.05394193	48.28226275	86.11527356	49.77428572	76.63436132	83.61087846
AT5G19090	44.99522012	27.68486226	28.32295104	24.38106689	20.08219648	24.82431997
AT5G19100	3.434618829	7.722850184	2.915437527	9.333278678	8.023685598	2.914344507
AT5G19110	3.439670495	22.81036101	2.665129622	10.94542835	12.88876974	2.26278243
AT5G19120	39.35246551	42.00377181	54.25264371	52.29546907	84.16943995	79.26955487
AT5G19220	255.7730996	247.2778108	296.1690958	259.4990047	185.7552905	159.2613323
AT5G19240	422.4974987	427.1913906	110.7478327	419.7854975	124.8328633	39.49156676
AT5G19250	181.9632043	163.6910965	248.627739	174.8558967	97.92953698	115.379535
AT5G20110	17.95617305	13.61446284	12.1687605	9.701712341	8.992909802	12.87339935
AT5G20150	185.8079863	86.58639085	22.88393834	27.4297225	22.14561585	22.53897139
AT5G20250	20.95045926	54.30473895	165.8013631	56.3859924	146.4094608	254.2183086
AT5G20450	4.088060834	3.797682735	4.077624364	4.114940054	5.127388016	8.002964748
AT5G20710	1.524087734	0.820835647	0.365161515	0.624582958	0.482120804	0.283341625
AT5G21170	15.42894007	17.5179011	49.77302053	18.68520434	49.43581733	61.29777403
AT5G21940	94.41015404	54.07346159	73.80033488	99.10796782	101.0818057	72.09835634
AT5G21970	6.790072221	4.366490593	3.920598203	4.714198816	3.807330829	6.402756722
AT5G22060	99.88602413	86.83778116	64.6313068	204.1553054	131.31387	61.09097036
AT5G22300	13.10488863	14.45586016	16.29890605	18.13302217	9.391876406	3.085910523
AT5G22480	22.71933711	19.00927111	21.21842943	17.86898131	11.42667166	13.11183103
AT5G22920	12.71134758	29.5260032	85.21197888	20.94774495	78.5590988	115.3589801
AT5G23020	66.53884264	51.39622146	78.36483595	82.36748034	45.59581006	55.14934014
AT5G23050	22.08874603	15.42838704	13.02292461	19.0391941	18.31767433	19.64226806
AT5G23100	11.20496082	9.170842601	8.645325995	6.353904372	7.394252471	8.789900763
AT5G23350	8.408882161	10.44453954	8.155047904	12.661282	13.46588115	6.650251295
AT5G23810	1.29697867	1.226113751	2.547939161	3.109863291	2.557469393	3.742063083
AT5G23980	17.37911177	11.96335571	43.41373557	10.45923967	9.725203335	22.82067612
AT5G23990	1.87607427	1.858149552	8.420141963	0.583270004	0.629603635	1.39256251
AT5G24010	5.625481475	8.985659619	5.506313857	8.924561566	5.308391359	7.145851552
AT5G24150	136.6728774	102.2619728	24.02880612	145.5511628	120.7784086	69.41100667
AT5G24160	5.841057308	5.548290987	6.048666422	5.957358857	8.751779782	24.39656119
AT5G24210	38.09915071	30.67475404	26.83500007	69.69035098	42.37151866	30.64501833
AT5G24490	115.0186782	89.10745682	184.8118546	121.4722962	161.9759469	230.6554054
AT5G24530	35.23511489	33.69320813	13.61683459	37.14464967	34.11301894	30.52963686
AT5G24810	36.53238895	57.71399637	33.134268	45.09775608	26.91645641	18.95255799
AT5G24850	74.76778798	48.03918055	27.21872319	68.39356676	25.16458006	15.81930466
AT5G24870	20.26406489	11.01219048	8.74321045	11.72031477	11.19584658	10.89341684
AT5G25120	18.18839436	10.07803067	7.989637554	18.25920026	10.47224453	14.69794456
AT5G25130	12.35625871	10.74424321	5.552869069	23.88272521	25.51074851	17.10561462
AT5G25140	12.38787777	18.60259117	7.721548373	22.66161482	31.88254997	28.65573139
AT5G25250	2.58205691	2.234343028	11.30402702	2.051236884	1.509846652	1.313109094
AT5G25260	0.356493308	0.249260103	2.835393556	0.162112312	0.162319587	0.253992342
AT5G25280	31.89196222	51.34201651	70.12875532	72.16908126	92.35314248	132.7845675
AT5G25560	65.07426971	59.02576017	56.01232801	63.25723674	66.72137999	88.68958538
AT5G25810	7.653191562	32.53759723	41.55784304	8.316991031	37.55146991	18.23852617
AT5G25840	37.1660646	21.72470961	33.39264087	17.57438439	24.58041947	33.31766577
AT5G25890	97.62412451	95.31283398	73.80218365	82.23631939	51.95183876	48.5820066
AT5G25930	7.434207956	5.159571606	6.786019264	10.59477321	3.198555174	3.960251454
AT5G25970	3.956582141	2.187215184	1.052060491	3.353356801	2.4198029	2.893913336
AT5G26030	138.289289	92.80072993	48.96888023	131.77764	34.23185216	34.0503726
AT5G26230	10.49110877	9.667864154	9.509755323	5.25145032	3.291669404	7.250029594
AT5G26290	10.13440237	9.844940408	9.058932514	3.802384083	5.096169485	6.582687935
AT5G26920	12.66991286	4.515693155	13.49094711	11.40029968	1.142007943	2.683573846
AT5G27360	24.34004686	18.10822476	14.58071717	18.97897124	16.13198486	28.94522033
AT5G28300	19.72189977	18.02311966	22.64713182	11.00838881	16.10677205	23.45892246
AT5G28540	150.85376	115.6746463	119.8435857	178.2282292	221.9894636	148.3824503
AT5G28770	16.6035926	28.2351846	80.30423839	21.93278206	57.74303997	91.61533171
AT5G28919	30.5595897	25.30480567	25.078161	15.15201335	10.71224438	13.28230521
AT5G35320	18.00642974	15.01924032	16.28973388	151.6960454	38.70096907	24.35847936
AT5G35735	32.78514758	20.121599	51.24055484	31.61249032	8.749571191	21.34782462
AT5G35790	59.68550788	59.50256402	85.32422885	63.67007552	108.2110084	107.5858724
AT5G35970	181.7521092	142.2352056	150.9560012	144.3062431	66.02710116	68.68838271
AT5G37930	9.557410458	13.55345838	13.80321595	9.772758546	15.29556808	22.71544719
AT5G38200	29.23349357	19.45416002	14.03620427	21.98648904	36.41030119	25.83971775
AT5G38520	182.3370329	166.4750187	199.7849949	178.6223966	159.3959548	122.699071
AT5G38710	3.067794933	11.07511572	3.182786413	5.343389575	4.329356193	1.824747087
AT5G39080	32.97522058	30.76173499	46.15077519	31.01056595	52.91656354	46.65198196
AT5G39670	15.65216186	7.672278673	9.371372541	11.81863787	3.23285319	2.034652754
AT5G39710	12.90905449	8.516451949	7.71078649	6.983654534	4.11086074	7.18787992
AT5G39785	9.88400774	3.723277271	4.4220147	5.881193506	2.341118413	2.153917145
AT5G39890	12.65052629	2.653526554	11.31548325	6.090328316	21.7312233	15.38148824
AT5G40020	5.799395009	3.838119414	4.488893951	5.189379454	7.551572716	9.381149492
AT5G40250	19.4959716	16.15980138	13.82535711	22.48528595	24.08872441	27.01428411
AT5G40390	66.40843331	66.454409	39.29729261	51.7003823	34.51794869	17.46933537
AT5G40590	5.378267877	12.279523	70.63061826	5.0686738	20.33578369	10.33392359
AT5G40780	10.96016057	13.27280447	82.64504466	9.710020214	9.759225392	27.58455909
AT5G41130	6.083381768	4.727192367	5.920517797	3.26692255	3.137451896	4.839830724
AT5G41740	20.46685169	9.008205144	7.755236124	26.19663798	3.885154938	4.553430031
AT5G41750	8.5666879	2.858975196	2.812510772	14.89075053	0.642663139	0.526115897
AT5G41900	13.54607606	12.50322964	8.61490006	13.46207849	4.044072921	3.610489453
AT5G42020	148.99141	108.0415039	109.9982759	164.4010678	183.7904935	118.8403654
AT5G42220	27.44084733	23.22125566	25.05737943	31.93295582	36.21414594	28.86361381
AT5G42470	23.01694972	18.47359267	21.95182144	21.20680863	23.34695092	30.3130434
AT5G42800	48.15165618	73.74336732	95.56988297	129.8864264	64.02221936	14.90450383
AT5G43270	25.6686905	33.76192134	20.95738964	24.1869217	25.32633246	29.26770347
AT5G43630	58.14617127	44.51629193	38.89258679	36.23140272	23.14296847	27.53357419
AT5G43850	170.2054948	144.1272364	95.81315525	200.5569001	208.9887417	145.22738
AT5G43910	8.597690988	9.025439578	16.44500125	8.449944188	5.83717088	9.152193208
AT5G43920	9.742590386	8.420283886	9.384047333	9.160793188	11.55879595	14.81738321
AT5G44070	42.55229847	40.12847226	51.86115147	45.78455388	27.53548506	31.13283514
AT5G44110	213.4535321	135.5838658	66.63691754	207.1181064	64.89991612	36.87875508
AT5G44340	297.0660936	246.554897	340.6277214	268.3847278	184.2619889	210.9914142
AT5G44380	49.19763086	44.68598058	63.54880725	45.63920614	61.4993467	114.011389
AT5G44572	8.258231508	6.890487615	22.53232282	6.540468346	9.522657259	48.09637108
AT5G44730	27.12400657	13.73711813	25.72099308	19.8190467	30.02398912	25.54437598
AT5G45070	19.93688315	18.31517518	26.58451377	25.82297544	4.592581294	8.455849269
AT5G45280	63.47447483	81.53423342	62.57489465	62.14998876	48.44530429	27.4855843
AT5G45340	45.22117354	13.35901733	11.19932362	33.42222321	9.029614326	3.863893637
AT5G45460	2.613607767	1.83252544	2.28178284	1.288646426	1.196964891	2.154423151
AT5G46170	30.30884823	21.94289884	18.7226736	53.09184999	24.90714268	23.20725269
AT5G47000	2.283654653	1.817190536	0.818071172	1.632496591	1.464098842	4.986619321
AT5G47120	104.1046872	104.0928782	104.8407303	151.2250824	143.7918353	100.7276113
AT5G47380	9.269881382	8.893348122	8.20464906	6.69540193	4.024939666	5.112940378
AT5G47830	15.07435574	12.34188594	13.88188292	57.61831258	57.69592075	30.21228557
AT5G48070	19.62888575	17.92547373	32.96630101	20.79798422	11.10023798	14.05916853
AT5G48590	52.37659986	47.81985632	51.04177087	35.79087876	33.62848859	41.21406456
AT5G48657	16.39808102	12.97441237	22.01345376	13.49437936	7.840026673	11.36369791
AT5G48880	71.99149492	103.4956185	63.42019169	90.98905774	41.89337974	22.64344691
AT5G49030	63.94097084	48.75279384	53.33889465	65.10788658	36.12620956	31.20593797
AT5G49280	63.81558845	49.78996331	21.02430248	62.90373608	20.77187295	16.45991011
AT5G49360	18.47295185	31.12993846	83.11389763	18.59034686	91.28514061	158.8620616
AT5G49520	24.11469907	20.71220099	6.406852949	18.63333084	5.470350147	3.721996502
AT5G49850	2.975026595	3.461588928	8.950271589	2.292475971	0.986743696	4.318287849
AT5G49870	1.683642251	1.772128745	4.035835458	1.748409479	1.349495416	1.889897174
AT5G49900	6.64498288	8.764749387	4.543358243	6.994094145	3.738450273	3.71297352
AT5G49910	245.4619439	238.8781936	193.1168234	451.5491688	361.7485392	115.7696636
AT5G50200	22.93235457	26.70585388	136.9568312	24.90407822	32.53961424	54.71843562
AT5G50400	14.42254674	12.17436036	10.8566451	12.09577108	11.60332065	17.40843854
AT5G50740	53.82208055	48.36247646	36.45734019	37.44013119	23.67137898	29.73312133
AT5G50760	16.71509564	26.8123124	44.58554861	18.69394784	49.41385799	35.00024076
AT5G50800	26.61048271	21.47239791	8.478451661	17.40539938	3.334026179	3.931944129
AT5G51550	68.73629805	103.3879366	91.04779015	90.45484945	109.5314252	123.7707001
AT5G52310	69.66517628	78.91146225	70.39988599	21.58719421	76.8585325	11.02158754
AT5G52650	302.2965173	340.3865497	321.8939563	319.6653422	282.104404	177.9925442
AT5G52660	25.30550234	19.37995034	13.84325787	13.25879771	12.19816369	12.96839354
AT5G53290	8.001622089	7.115495315	7.606156588	3.904341846	3.239723826	4.243659336
AT5G53400	48.54290159	38.95370278	43.46120847	85.13066499	104.6613211	39.65309813
AT5G53750	14.63814471	16.72411887	6.869562488	11.01247624	6.74681925	5.585760086
AT5G54130	88.82216169	40.03154366	22.19932422	35.94500116	32.91663853	14.82995903
AT5G54370	39.81815815	31.43716385	49.87351063	40.32879494	32.52755596	32.44354265
AT5G54470	34.17355195	14.100635	8.353553235	10.18342191	6.713463826	4.770849688
AT5G54510	17.9952914	14.16801629	32.0459018	13.74806492	29.81725356	35.42151162
AT5G54710	15.74083037	23.15535553	18.72982838	28.65916994	4.847673178	5.917139256
AT5G54720	12.19460652	11.78174051	13.57494399	19.92284662	3.889240408	4.531092438
AT5G54810	86.73316809	80.64498551	124.4126208	88.21113556	55.246987	74.26264706
AT5G55070	96.9083015	84.9702526	77.49332454	89.7082777	53.52128199	49.52767713
AT5G55570	18.31700898	22.53050521	16.52413118	16.96952547	15.2016359	5.967332468
AT5G55580	34.06683718	22.26502666	18.99979215	16.76553714	8.036843954	12.36476818
AT5G55920	41.94714891	38.36746062	33.04872729	33.23674362	17.53479448	24.92360983
AT5G55970	14.44400614	10.92385324	14.69485894	27.70899943	30.30749262	14.65993785
AT5G56000	30.01099293	22.9794712	25.91199446	40.58811175	23.74812559	20.50653129
AT5G56010	257.5516823	211.9105107	148.4920821	777.5797372	345.8297061	124.0720293
AT5G56160	3.973484391	8.696641046	3.030910893	5.009719888	3.251409231	3.105807807
AT5G56280	32.83884014	25.06677107	38.03687561	29.30051457	33.51343167	53.33907058
AT5G56320	8.829355018	4.615778981	17.11409995	3.670719366	5.081536485	9.168857466
AT5G56550	15.04897083	18.77873021	27.00242313	16.78335043	29.53160445	24.39533531
AT5G56600	54.97657566	62.0409696	50.20854834	74.64492467	94.90857972	64.70657551
AT5G56850	65.36922091	57.46331945	38.46115444	59.24064273	72.58119444	75.34775574
AT5G56860	54.88751595	29.52319431	26.27282183	24.43518911	31.0697725	24.8484082
AT5G56870	17.04035635	15.680711	69.65389708	11.81313146	45.37708383	83.85048714
AT5G57010	5.261686284	2.125804753	1.169848152	3.695328316	0.26394412	0.459790679
AT5G57100	23.79201235	19.07903494	10.03801706	36.194154	21.5716542	14.91377035
AT5G57150	23.03901857	21.27631562	24.4784025	22.37813129	30.19488224	38.20143154
AT5G57220	2.159062091	3.608562676	19.03466652	1.440416396	1.337076022	2.215383851
AT5G57550	0.881219046	1.564113323	2.374391685	0.633787504	4.066223133	7.57572791
AT5G57565	10.39373073	12.03672421	12.76402576	10.35327547	14.25631246	22.82166601
AT5G57780	12.3176336	10.4843245	19.97823964	5.007594358	15.05281385	24.23355217
AT5G57790	8.065833781	5.320732513	3.861557114	5.529089229	6.312715092	8.122982771
AT5G58070	122.5581849	137.1204712	161.8429872	262.0101175	458.8362318	149.107506
AT5G58200	47.19488188	43.66915287	41.87668023	40.36145376	42.27084149	60.64291197
AT5G58420	308.7679493	289.3373279	286.1699974	295.3399137	239.6229346	181.0104763
AT5G58590	47.00422355	42.31197067	33.01289397	85.68703854	104.5228064	51.29589352
AT5G58770	143.6114837	121.188273	24.33126467	234.2550921	219.6885858	54.6167797
AT5G58787	11.42219263	10.66775043	18.60353012	13.49698021	27.21043984	30.61263971
AT5G59130	12.57422975	14.4577823	18.35573211	11.72335698	4.819518351	8.897940632
AT5G59350	26.7653382	21.91940574	22.14280128	12.972087	11.6292514	16.56195469
AT5G59420	40.77049697	36.65284167	47.70075356	41.87388381	51.03578218	55.88543828
AT5G59480	126.8325826	113.6785697	57.92270601	111.3234999	89.78286722	33.99035603
AT5G59670	5.301931547	3.151372521	1.01947759	5.596587602	0.636263574	0.281782174
AT5G59780	19.47171612	30.78895941	55.33345001	25.20091465	36.49251437	67.10908383
AT5G59850	343.9885918	362.2930984	344.4211516	333.123752	265.7475464	214.9012945
AT5G59870	183.7203505	200.935238	190.1736016	188.6752817	164.8564961	109.3227139
AT5G60310	0.467646941	0.684528091	0.465489522	0.98183435	0.411201629	0.577883117
AT5G60680	46.0496161	46.8157976	81.27470125	61.96068369	71.18460019	58.39097742
AT5G60790	123.4422618	87.90981061	69.3804809	78.50996424	45.20635273	49.93633075
AT5G61170	320.1508682	319.8939461	306.254938	313.3711295	269.0036089	199.8003573
AT5G61570	9.071724668	11.74018123	10.2486348	4.552228239	3.460057381	6.56270449
AT5G62020	29.28074982	13.18732405	8.002891973	73.85047221	28.53331423	16.40553415
AT5G62220	54.92471664	46.07477272	25.21638652	40.19043977	19.75100673	19.37575989
AT5G62520	21.74903652	22.67638139	4.288151305	42.4947484	14.2786117	7.121063605
AT5G62570	53.89671946	58.9255558	22.27578921	64.06693457	20.47455979	18.69622547
AT5G62680	50.62911901	43.80333106	38.3391156	47.96273507	20.87265363	26.47602944
AT5G62930	31.86067471	27.61716006	31.32122708	32.24392517	40.97985749	49.80967471
AT5G63120	15.08031585	12.96654175	14.46000524	11.678807	6.159142139	8.466019309
AT5G63180	46.19120959	24.50713067	54.29127037	34.00588479	20.39845337	31.21136726
AT5G63190	12.40197861	7.759336488	13.50240433	10.29192618	13.79561133	23.92253227
AT5G63770	15.667836	22.47169092	11.02443523	22.84660745	7.687470433	9.850112544
AT5G64100	70.94318077	97.34088457	320.2098759	75.24460119	183.6017049	144.8510413
AT5G64260	171.2234078	193.1965983	119.6316018	223.1790499	176.0201382	133.9108281
AT5G65310	73.87320817	58.0218479	75.65451819	42.22782464	41.96329219	58.64236669
AT5G65480	45.81312288	42.43543694	68.67865523	65.06988159	74.03385999	75.63319803
AT5G65640	34.90569592	15.05026899	28.36378078	22.55074669	41.48007096	25.40542613
AT5G65690	3.126513874	16.54949055	5.698551349	10.33983045	14.76418472	4.318038131
AT5G65730	251.7637637	256.151455	186.8626653	242.9166348	381.1160969	316.4506254
AT5G65940	31.90446516	25.15106891	26.30355386	29.78042381	25.49326678	39.56901684
AT5G65980	2.652715458	1.245651635	6.220930322	1.45855573	0.4976268	0.929185611
AT5G66880	11.30355603	9.268952014	20.63751574	15.57453072	19.13320497	36.04647338
AT5G66960	1.604640328	1.52389944	1.69074754	1.437982783	1.700666287	3.103750628
AT5G67110	9.838867877	8.051147938	5.879298425	6.827158649	7.041571898	11.4577906
AT5G67420	52.32663905	79.85922299	92.8717899	78.34858817	90.631054	87.06723084
AT5G67610	15.74392323	14.38300688	13.54522559	15.7458285	17.73152698	24.05606998
